,의안번호,의안명,제안일자,제안자구분,의결일자,의결결과,제안회기,제안이유,소관위원회,제안자,발의자,제안정당,성별,여성의원 수,정당성향,국회회기
0,131131,소득세법중개정법률안,1990-12-17,위원장,1990-12-18,원안가결,제13대 (1988~1992) 제151회,"   정부제출,柳인학·강金식·금봉욱·林춘원·李경재·허만기·홍영기의원외64인 발의,1990.6.16 柳인학의원외69인이 발의한 3건의 소득세법중개정법률안을 심사한 결과, 이를 통합하여 위원회의 대안을 제안하기로 하고위 원안들은 본회의에 부의하지 아니하기로 함. 땀흘려 일하여 얻은 근로소득에 대하여는 세부담을 경감하고 부동산 양도소득 등의 자산소득에 대하여는 과세를강화함으로써 소득종류간세부담의 형평성을 기하는 한편, 소득세率체계의 조정으로 소득세부담을 전반적으로경감함과 아울러 성실납세를 유도하고 소득세중간예납제도등 납세절차의 간소화로 납세편의를 도모하려는 것임. 1. 근로소득공제액의 인상 및 각종 특별공제제도의 확대로 근로소득자의 세부담을 다음과 같이 경감함. 가. 근로소득자의 근로소득金액 계산시 필요적 경비로 인정하여 공제하고 있는 근로소득공제액을 “140만원 내지 230만원”에서 “230만원 내지 490만원”으로 상향조정함(안 제61조) 나. 근로자가 자기 또는 부양가족을 위하여 지출한 의료비가 있는 경우에 현재는 그 의료비중 총 급여액의 100분의 5를 초과하는 금액에 대하여 연 24만원을 한도로 공제하여 주는 의료비 공제제도를 두고 있는 바, 앞으로는 총 급여액의 100분의 3을 초과하는 금액에 대하여 100만원을 한도로 공제하도록 그 공제범위를 확대함(안 제61조의3) 다. 무주택 근로자로서 부양가족이 있는 세대주인 경우에는 과세소득금액 계산시 연 100만원을 공제하는 무주택 근로자 공제제도를 신설함(안 제61조의5) 라. 퇴직소득에 대한 과세소득금액 계산시 공제하여 주는 퇴직 소득공제액을 현재보다 큰 폭으로 인상하여 한 직장에서 장기 근속한 근로자일수록 세부담이 가벼워지도록 그 공제기준금액을 상향조정함(안 제62조) 2. 세율체계의 단순화 및 각종 소득공제제도의 확대로 소득세부담을 경감함. 가. 소득세의 세율구조를 다음과 같이 현재의 8단계에서 5단계로 단순화하고 세율도 인하하여 소득세부담을 전반적으로 경감함으로써 세법에 따라 성실하게 세율을 내는 납세풍토를 조성할 수 있도록 함(안제70조) (1) 현행 과세표준 250만원 이하 방위세포함 세율 5.5％ 및 과세표준 500만원이하 11％에서 400만원이하 5％로 조정하고 (2) 현행 과세표준 800만원이하 16.5％ 및 1,200만원 이하 24％. 1,700만원이하 30％에서 1,000만원이하 16％로 조정 (3) 현행 과세표준 2,300만원 이하 36％에서 2,500만원 이하 27％로 조정 (4) 현행 과세표준 5,000만원 이하 48％에서 5,000만원 이하 38％로 조정 (5) 현행 과세표준 5,000만원 초과 60％에서 5,000만원 초과 50％로 조정함 나. 65세이상의 노인을 부양하고 있는 경우 과세소득금액 계산시 부양가족공제에 추가하여 공제하여 주고있는 경로우대 공제액을 연 36만원에서 연 48만원으로 인상함(안 제66조의4) 다. 부녀자인 근로자가 부양가족이 있는 세대주인 경우에는 과세소득금액 계산시 연 54만원을 공제하여 주는 부녀자세대주공제제도를 신설함(안 제66조의3) 3. 자산소득에 대한 과세를 강화함. 가. 고가의 서화, 골동품을 양도소득세의 과세대상자산에 추가하여 현재 양도소득세가 과세되고 있는 부동산등의 양도의 경우와 과세의 형평을 유지하도록 함(안 제23조제1항제3호) 나. 비상장법인의 주식을 양도하는 경우 그 양도로 인하여 발생하는 소득에 대하여 부과하는 소득세는 그주식의 취득시의 유보이익과 양도당시의 유보이익간의 차액을 기준으로 과세하던 것을 앞으로는 양도가액과 취득가액의 차액을 기준으로 과세하도록 함(안 제23조제1항제4호·제26조제1항제5호 삭제)다. 利자소득 또는 배당소득등 금융 자산소득 중 실명거래분의 경우에는 현재 방위세·교육세를 포함하여 100분의 16 또는 100분의 17의 세율이 적용되어 소득세등을 원천분리과세하고 있는 바, 방위세가 폐지됨에 따라 소득세만 100분의2 0의 세率로 과세하도록 하고, 비실명거래분의 경우에는 현재 방위세·교육세를 포함하여 100분의 49 또는 100분의 53의 세율을 적용하던 것을 앞으로는 소득세만 100분의 60의 세율로 과세하도록 함(안 제144조) 라. 단기저축성보험에 가입하여 발생하는 보험차액을 소득세의 과세소득으로 하고, 다른 금융소득과 같이 100분의 20의 세율로 소득세를 원천분리과세 하도록 함(안 제17조제1항제10호) 4. 세원관리가 미흡한 일부 자영사업자에 대하여는 그 수입금액을 지급하는 자에게 원천징수의무를 부여하는 한편 부가가치세가 면제되는 자영사업자가 계산서를 교부 또는 제출하지 아니하는 경우에는 부가가치세가 과세되는 사업자의 경우와 같이 가산세를 부과하도록 함으로써 세제면에서 보다 효율적인 세원관리가 이루어질 수 있도록 함(안 제121조제8항 및 제141조제1항제3호) 제151회국회(정기회) 제10차 재무위원회(1990.12.17)상정·의결제151회국회(정기회) 제19차 본회의(1990.12.18)상정·의결  ",재무위원회,[],위원장,위원장,,0,,13
1,131126,특정범죄가중처벌등에관한법률중개정법률안,1990-12-17,위원장,1990-12-18,원안가결,제13대 (1988~1992) 제151회,"   1989.11.21과 1990.10.8 정부에서 제출한 각 특정범죄 가중처벌 등에 관한 법률 중 개정 법률안을 심사한 결과 제151회국회(정기회) 제10차 위원회(1990.12.15)에서 1개의 개정법률안으로 통합하여 단일안인 대안으로 제안하기로하고 원안은 본회의에 부의하지 아니하기로 함. 사회문제로 대두되고 있는 성범죄로부터 부녀자를 보호하고, 국가형벌권행사에 조력한 증인등에 대한 보복범죄를 엄벌하며, 경제규모의 확대·물가상승·사회가치관 및 국민법감정의 변천에 따라 가중처벌의 기준이 되는구성요건 해당 금액과 법정형을 조정하려는 것임. 1. 뇌물죄의 경우 수뢰액이 5천만원 이상인 때에는 무기 또는 10년 이상의 징역에 처하되, 사형은 삭제하며수뢰액이 1천만원 이상 5천만원 미만인 때에는 5년 이상의 유기징역에 처하고 외국인으로부터의 수뢰에 대한 가중처벌조항을 삭제함(안 제2조) 2. 성인남자 약취유인도 미성년자나 여자와 같이 이 법의 약취·유인죄의 가중처벌대상에 포함되도록 함(안제5조의2제4항) 3. 특수강도 강간죄의 징역형의 하한을 현행 5년 이상에서 10년 이상으로 상향조정함(안 제5조의6) 4. 흉기 기타 위험한 물건을 휴대하거나 2인 이상이 합동하여 강간한 때에는 무기 또는 5년이상의 징역에 처하고, 이와같은 방법으로 강제추행한 경우에는 3년이상의 유기징역에 처하며, 이 행위로 사람을 사망·상해한 때에도 각각 가중처벌하고, 이들 강간 등의 경우에는 피해자의 고소없이도 처벌할 수 있도록 함(안 제5조의7 및 제16조) 5. 증인 등에 대한 보복목적의 살인·상해·폭행·체포·감금·협박 등을 가중처벌하고, 증언 등 방해행위와증인에 대한 면담강요행위를 처벌함(안 제5조의9) 6. 관세포탈의 경우 포탈세액이 1억원 이상인 때에는 무기 또는 10년 이상의 징역에 처하되, 사형은 삭제하며, 2천만원이상 1억원미만인 때에는 5년이상의 유기징역에 처하도록 함(안 제6조제2항) 7. 무면허수출입의 경우 수출입 물품원가가 2억원 이상인 때에는 무기 또는 10년 이상의 징역에 처하되, 사형은 삭제하며, 5천만원 이상 2억원 미만인 때에는 5년 이상의 유기징역에 처하도록 함(안 제6조제4항)8. 조세포탈의 경우 연간포탈세액이 5억원이상인 때에는 무기 또는 5년이상의 징역에 처하도록 함(안 제6조제4항)9. 조세포탈의 경우 연간포탈세액이 5억원이상인 때에는 무기 또는 5년이상의 징역에 처하되, 2억원 이상 5억원 미만인 때에는 3년 이상의 유기징역에 처하도록 함(안 제8조제1항) 10. 산림절도등의 경우 林산물의 원산지가액이 1천만원 이상이거나 산림훼손면적이 5만제곱미터 이상인 때에는무기 또는 5년이상의 징역에 처하되, 사형은 삭제하며, 원산지가액이 100만원이상 1천 만원 미만이거나 산림훼손면적이 5천제곱미터이상 5만제곱미터미만인 때에는 3년이상의 유기징역에 처하도록 함(안 제9조제1항) 제151회국회(정기회) 제10차 법제사법위원회(1990.12.15)상정·의결제151회국회(정기회) 제19차 본회의(1990.12.18)상정·의결  ",법제사법위원회,[],위원장,위원장,,0,,13
2,131059,영·유아의보호·교육에관한법률안,1990-11-20,의원,1990-12-18,수정가결,제13대 (1988~1992) 제151회,"   현대사회의 산업화에 따른 여성의 사회참여 증가 및 가족구조의 핵가족화에 의한 탁아수요의 급증에 따라 아동보호와 교육문제는 개인적인 차원을 넘어 사회적, 국가적 차원에서 해결이 불가피하게 되었으나, 현행 아동복지법에 의한 탁아사업은 시설 설립주체의 제한으로 인한 보육사업 확대 곤란, 관장부처의 다원화로 체계적이고효율적인 보육사업 추진등에 문제점이 있으므로, 영유아의 보호와 교육에 관한 별도의 입법을 통하여 보육시설의 조속한 확대 및 체계화로 아동의 건전한 보호·교육 및 보육자의 경제적, 사회적 활동의 지원을 통하여 가정복지증진을 도모하려는 것임. 1. 국가와 지방자치단체는 보육자와 더불어 아동을 건전하게 보호·교육할 책임을 지도록 함(안 제3조) 기획, 조사, 실시등에 필요한 사항을 심의하기 위하여 보건사회부에 중앙보육위원회를, 시·도 및 시·군·구에 지방보육위원회를 두도록 함(안 제4조) 2. 건전한 유아의 보호·교육에 관한 상담 및 지도를 위하여 시·도 및 시·군·구에 보육지도원을 두도록 함(안 제5조)3. 보육시설의 종류는 그 설립주체에 따라 국공립보육시설, 민간보육시설, 직장보육시설, 가정보육시설로 구분 함(안 제7조 및 제8조) 4. 유치원이나 미술학원등에도 보육시설을 갖추면 보육원을 병설할 수 있도록 함(안 제9조)5. 대통령령이 정하는 일정규모 이상의 사업장의 사업주는 보육시설을 설치·운영하도록 함(안 제8조)6. 보육시설의 입소대상은 6세미만의 취학전 아동을 원칙으로 하되, 보건사회부장관, 시·도지사 또는 시장·군수·구청장은 중앙보육위원회 및 지방보육위원회의 의결을 거쳐 입소대상년령을 연장 가능토록 함(안제18조)7. 국가 또는 지방자치단체와 사회복지법인 기타 비영리법인이 설치한 보육시설과 대통령령이 정하는 보육시설의 장은 저소득층자녀를 보육시설에 우선 입소시키도록 함(안 제19조)8. 보건사회부장관은 유아의 보육·교육의 충실을 기하기 위하여 장학지도와 보육프로그램 및 교재, 교구의개발보급등 필요한 사항에 대하여는 문교부장관에게 협조 요청할 수 있음(안 제21조)9. 유아의 보호·교육에 필요한 비용은 보호자가 부담하는 것을 원칙으로 하되, 저소득층 자녀의 보육에 필요한 비용은 국가 또는 지방자치단체가 전부 또는 일부를 부담하도록 함(안 제23조)10. 국가 또는 지방자치단체는 대통령령이 정하는 바에 의하여 보육시설의 설치 및 운영에 소요되는 비용을 보조하도록 함(안 제24조)11. 사업장에 보육시설을 설치한 사업주는 대통령령이 정하는 바에 의하여 시설운영에 필요한 비용의 전부 또는 일부를 보조하도록 함(안 제25조)12. 보호자가 영유아의 보호·교육을 위하여 지출한 보육비용과 사업주가 부담하는 보육시설의 설치 및 운영에소요되는 비용에 대하여 조세감면토록 함(안 제27조) 보육시설종사자중 보육교사의 자격 기준을 구체화하고 미인가탁아시설에 대한 경과조치를 마련하는 등 유아의 보호·교육에관한법률안에 나타난 일부 미비점을 수정보완하고 관계조문을 정리하기 위함. □ 수정주요골자1. 시·도 및 시·군·구에 배치할 예정이던 보육지도원에 관한 규정을 삭제하는 대신 시·군·구에 한하여 설치하도록 되어 있는 보육정보센터에 보육지도원을 두도록 함(안 제5조)2. 민간보육시설은 법인,단체,개인이 설치·운영하는 시설로서 직장보육시설 또는 가정보육시설이 아닌 시설로 함(안 제6조)3. 국가 또는 지방자치단체가 설치하는 국공립보육시설은 저소득층밀집지역,농어촌지역등 취약지역 등 취약지역에 우선적으로 설치하도록 함(안 제7조제1항)4. 사업장의 사업주가 직장보육시설을 설치할 수 없거나 기타 불가피한 사유가 있을 때에는 보건사회부령이 정하는 바에 의하여 공동으로 보육시설을 설치·운영하거나 근로자에게 보육수당을 지급할 수 있도록 함(안 제7조제3항)5. 가정보육시설의 경우 시설의 장이 보육교사의 자격을 가진 때에는 보건사회부령이 정하는 바에 의하여 보육교사와 기타 종사자를 두지 아니 할 수 있도록 함(안 제9조제1항)6. 보육시설에 종사할 보육교사의 자격기준을 대학이나 전문대학에서 유아교육 또는 아동복지에 관계된 학과를 졸업한 자 등으로 구체화함(안 제9조제2항)7. 이 법 시행당시 미인가로 운영되고 있는 탁아시설이 이 법에 의한 보육시설로 인정받기 위하여 이 법 시행일로부터 6월이내에 시장·군수에게 신고한 경우에는 이 법에 의하여 설치된 보육시설로 보도록 함(안부칙 제5조)8. 이 법 시행당시의 각종 탁아시설이 이 법에 의한 보육시설로 인정받게 되는 경우 이 법에 의한 시설 및 종사자기준을 갖출 수 있도록 3년간의 유예기간을 인정함(안 부칙 제6조) 제151회국회(정기회) 제8차 보건사회위원회(1990.12.11)상정·소위원회회부제1차 소위원회(1990.12.12)제2차 소위원회(1990.12.13)제151회국회(정기회) 제10차 보건사회위원회(1990.12.14)소위원장보고·의결제151회국회(정기회) 제19차 본회의(1990.12.18)상정·의결  ",보건사회위원회,"['신영순', '김장숙', '이윤자', '김문기', '김인영', '김일동', '김한규', '박관용', '박병선', '박승재', '송두호', '신철균', '안영기', '유기천', '이재연', '한승수', '함종한', '황명수', '황성균', '황철수']",신영순,민주정의당,여성,3,보수,13
3,131055,특정강력범죄의처벌에관한특례법안,1990-11-20,의원,1990-12-18,수정가결,제13대 (1988~1992) 제151회,"   반인륜적이고 반사회적인 흉악범죄로서 가정과 사회질서를 침해하는 특정강력범죄에 대한 처벌과 그 절차에 관한 특례를 규정함으로써 국민의 생명과 신체의 안전을 보장하고 범죄로부터 사회를 방위하기 위하여 이 법을제정하고자 하는 것임. 1. 이 법의 적용범위는 아래의 범죄로 함(안 제2조)가. 살인, 존속살해, 위계등에 의한 청탁살인 등 나. 강도, 특수강도, 준강도, 약취강도, 강도상해, 치상, 강도살인·치사,강도강간, 해상강도 및 상습범 다. 강간, 강제추행, 준강간, 준강제추행, 강간등에 의한 치사상, 미성년자에 대한 간음·추행라. 미성년자의 약취유인, 영리 등을 위한 약취·유인·판매등, 국외이송을 위한 약취·유인·판매 및 상습범 마. 폭력행위등처벌에관한법률 제4조(단체등의 조직) 및 특정범죄가중처벌등에관한법률 제5조의7(단체등의조직)에 해당하는 범죄단체조직2. 누범인 경우 형의 장기뿐만 아니라 단기의 경우에도 2배까지 가중처벌함(안 제3조) 3. 집행유예의 결격기간을 5년에서 10년으로 강화함(안 제5조)4. 증인에 대한 신변안전을 위하여 필요한 조치를 하도록 함(안 제7조)5. 신속한 소송절차규정을 둠(안 제8조 내지 제12조)가. 법원은 검사 및 변호인과 공판기일의 지정 기타 소송의 진행에 필요한 사항을 협의할 수 있음나. 집중심리규정을 신설함다. 판결선고는 신속하게 하며 변론 종결일부터 14일이내에 하도록 함 특정강력범죄의 범위를 축소조정하고, 누범의 가중처벌요건 및 집행유예의 결격요건을 완화하며, 출판물등으로부터의 피해자 보호 조항을 신설하고, 재판장의 재판진행절차에 대한 특칙을 조정하는 외 기타 법문의 표현을명백히 하려는 것임. □ 수정주요골자 1. 강간·강제추행·준강간·준강제추행·미성년자에 대한 간음·추행 등의 죄에 대하여는 흉기 기타 위험한 물건을 휴대하거나 2인 이상이 합동하여 그 죄를 범한 때에는 특정 강력범죄로 하기로 그 범위를 축소함(안 제2조제3호) 2. 특정 강력범죄로 형을 받고 그 집행을 종료하거나 면제받은 후 3년 이내에 다시 특정 강력범죄를 범한 때에만 그 죄에 정한 형의 2배까지 가중처벌하도록 함(안 제3조)3. 집행유예결격기간을 연장함에 있어 그 대상을 특정 강력범죄의 전과로 규정함(안 제5조)4. 출판물 등으로부터의 피해자보호를 위한 규정을 신설함(안 제8조)5. 특정 강력범죄에 관하여 증거서류 또는 증거물의 조사를 청구하는 경우에는 상대방에게 미리 열람할 기회를 주도록 함(안 제9조제3항)6. 재판장의 공판기일 지정에 관한 규정을 삭제함(안 제9조)7. 특정 강력범죄로 공소제기된 피고인이 공판정에서 폭력을 행사하거나 도망할 염려가 있다고 인정하는 때에는 구속할 수 있도록 함(안 제11조) 제151회국회(정기회) 제7차 법제사법위원회(1990.12.12)상정·질의제151회국회(정기회) 제10차 법제사법위원회(1990.12.15)소위원회심사보고·질의·의결제151회국회(정기회) 제19차 본회의(1990.12.18)상정·의결  ",법제사법위원회,"['윤재기', '강우혁', '강재섭', '고세진', '구자춘', '김근수', '김일윤', '김정수', '김제태', '김중권', '김홍만', '나창주', '문정수', '박충순', '박희태', '신오철', '심완구', '오경의', '오유방', '오한구', '유수호', '이긍규', '정해남', '조만후', '최기선', '최정식', '홍세기', '홍희표', '황낙주']",윤재기,신민주공화당,남성,0,보수,13
4,131006,특정범죄가중처벌등에관한법률중개정법률안,1990-10-08,정부,1990-12-18,대안반영폐기,제13대 (1988~1992) 제151회,"   민생치안확립에 기여하게 하기 위하여 흉기 등을 휴대한 강간 등 행위에 대하여 법정형을 높이고 피해자의 고소없이도 처벌할 수 있도록 하여 성범죄로부터 부녀자를 보호하고,국가형벌권행사에 조력한 증인 등에 대한 보복범죄를 엄벌하여 범죄척결에 국민이 안심하고 동참할 수 있는 여건을 조성하며, 국가경제규모의 확대, 물가상승, 사회가치관 및 국민법감정의 변천에 따라 가중처벌의 기준이 되는 수뢰액등 구성요건 해당금액과 법정형을 현실에 맞도록 조정하려는 것임. 1. 뇌물죄의 경우 수뢰액이 5천만원 이상인 때에는 무기 또는 10년 이상의 징역에 처하되, 사형은 삭제하며,수뢰액이 1천만원 이상 5천만원 미만인 때에는 5년 이상의 유기징역에 처하고, 외국인으로부터의 수뢰에대한 가중처벌조항을 삭제함(안 제2조)2. 흉기 기타 위험한 물건을 휴대하거나 2인 이상의 합동하여 강간한 때에는 무기 또는 5년 이상의 징역에 처하고, 이와 같은 방법으로 강제추행한 경우에는 3년 이상의 유기징역에 처하며, 이 행위로 사람을 사망·상해한 때에도 각각 가중처벌하고, 이들 강간 등의 경우에는 피해자의 고소없이도 처벌할 수 있도록 함(안제5조의7 및 제16조)3. 증인 등에 대한 보복목적의 살인·상해·폭행·체포·감금·협박 등을 가중처벌하고, 증언 등 방해행위와증인 등에 대한 면담강요행위를 처벌함(안 제5조의 9)4. 관세포탈의 경우 포탈세액이 1억원 이상인 때에는 무기 또는 10년 이상의 징역에 처하되, 사형은 삭제하며,2천만원 이상 1억원 미만인 때에는 5년 이상의 유기징역에 처하도록 함(안 제6조제2항)5. 무면허수출입의 경우 수출입물품원가가 2억원 이상인 때에는 무기 또는 10년 이상의 징역에 처하되, 사형은 삭제하며, 5천만원 이상 2억원 미만인 때에는 5년 이상의 유기징역에 처하도록 함(안 제6조제4항)6. 조세포탈의 경우 연간포탈세액이 5억원 이상 때는 무기 또는 5년 이상의 징역에 처하되, 2억원 이상 5억원미만인 때에는 3년 이상의 유기징역에 처하도록 함(안 제8조제1항)7. 산림절도 등의 경우 임산물의 원산지가액이 1천만원 이상이거나 산림훼손면적이 5만제곱미터 이상인 때에는 무기 또는 5년 이상의 징역에 처하되, 사형은 삭제하며, 원산지가액이 100만원 이상 1천만원 미만이거나 산림훼손면적이 5천제곱미터 이상 5만제곱미터 미만인 때에는 3년 이상의 유기징역에 처하도록 함(안제9조제1항) 제151회국회(정기회) 제7차 법제사법위원회(1990.12.12)상정제151회국회(정기회) 제10차 법제사법위원회(1990.12.15)의결제151회국회(정기회) 제19차 본회의(1990.12.18)보고  ",법제사법위원회,[],정부,정부,,0,,13
5,130999,소득세법중개정법률안,1990-09-28,정부,1990-12-18,대안반영폐기,제13대 (1988~1992) 제151회,"   땀흘려 일하여 얻은 근로소득에 대하여는 세부담을 경감하고 부동산양도소득 등의 자산소득에 대하여는 과세를강화함으로써 소득종류간 세부담의 형평성을 기하는 한편, 소득세율체계의 조정으로 소득세부담을 전반적으로 경감함과 아울러 성실납세를 유도하고 소득세중간예납제도 등 납세절차의 간소화로 납세편의를 도모하려는 것임. 1. 근로소득 공제액의 인상 및 각종 특별공제제도의 확대로 근로소득자의 세부담을 다음과 같이 경감함. 가. 근로소득자의 근로소득금액 계산시 필요적 경비로 인정하여 공제하고 있는 근로소득 공제액을 「140만원 내지 230만원」에서 「200만원 내지 400만원」으로 상향조정함(안 제61조) 나. 근로자가 자기 또는 부양가족을 위하여 지출한 의료비가 있는 경우에 현재는 그 의료비중 총 급여액의 100분의 5를 초과하는 금액에 대하여 연 24만원을 한도로 공제하여 주는 의료비공제제도를 두고 있는 바, 앞으로는 총 급여액의 100분의 3을 초과하는 금액에 대하여 60만원을 한도로 공제하도록 그 공제범위를 확대함(안 제61조의 3)다. 무주택 근로자로서 부양가족이 있는 세대주인 경우에는 과세소득금액 계산시 연 100만원을 공제하는 무주택근로자공제제도를 신설함(안 제61조의 5) 라. 퇴직소득에 대한 과세소득金액 계산시 공제하여주는 퇴직소득 공제액을 현재보다 큰 폭으로 인상하여 한 직장에서 장기근속한 근로자일수록 세부담이 가벼워지도록 그 공제기준金액을 상향조정함(안 제62조)2. 세율체계의 단순화 및 각종 소득공제제도의 확대로 소득세부담을 경감함. 가. 소득세의 세率구조를 다음과 같이 현재의 8단계에서 5단계로 단순화하고 세율도 인하하여 소득세부담을 전반적으로 경감함으로써 세법에 따라 성실하게 세金을 내는 납세풍토를 조성할 수 있도록 함(안제70조) (1) 현행 과세표준 250만원 이하인 경우에 방위세포함세率 5.5％에서 400만원 이하인 경우에 5％로 (2) 현행 과세표준 500만원 이하 11％ 및 800만원 이하 16.5％에서 1,000만원이하 16％로 (3) 현행 1,200만원 이하 24%와 1,700만원 이하 30％ 및 2,300만원 이하 36％에서 2,500만원 이하27％로 (4) 현행 5,000만원 이하 48％에서 5,000만원 이하 38％로 (5) 현행 5,000만원 초과 60％에서 5,000만원 초과 50％로 나. 65세 이상의 노인을 부양하고 있는 경우 과세소득金액 계산시 부양가족공제에 추가하여 공제하여 주고있는 경로우대 공제액을 연36만원에서 연48만원으로 인상함(안 제66조의 4) 다. 부녀자인 근로자가 부양가족이 있는 세대주인 경우에는 과세소득금액 계산시 연54만원을 공제하여 주는 부녀자세대주공제제도를 신설함(안 제66조의 5)3. 자산소득에 대한 과세를 강화함. 가. 고가의 서화, 골동품을 양도소득세의 과세대상자산에 추가하여 현재 양도소득세가 과세있는 不동산 등의 양도의 경우와 과세의 형평을 유지하도록 함(안 제23조제1항제3호)나. 비상장법인의 주식을 양도하는 경우 그 양도로 인하여 발생하는 소득에 대하여 부과하는 소득세는 그주식의 취득시의 유보리익과 양도당시의 유보리익간의 차액을 기준으로 과세하던 것을 앞으로는 양도가액과 취득가액의 차액을 기준으로 과세하도록 함(안 제23조제 1항제4호·(제26조제 1항제5호삭제)다. 이자소득 또는 배당소득등 금융자산소득중 실명거래분의 경우에는 현재 방위세·교육세를 포함하여100분의 16 또는 100분의 17의 세율이 적용되어 소득세등을 원천분리과세하고 있는 바, 방위세가 폐지됨에 따라 소득세만 100분의 20의 세率로 과세하도록 하고, 비실명거래분의 경우에는 현재 방위세·교육세를 포함하여 100분의 49 또는 100분의 53의 세율을 적용하던 것을 앞으로는 소득세만 100분의 55의 세率로 과세하도록 함(안 제144조)라. 단기저축성보험에 가입하여 발생하는 보험차익을 소득세의 과세대상소득으로 하고, 다른 金융소득과같이 100분의 20의 세율로 소득세를 원천분리과세하도록 함(안 제17조제1항제10호)4. 세원관리가 미흡한 일부 자영사업자에 대하여는 그 수입金액을 지급하는 자에게 원천징수의무를 부여하는한편 부가가치세가 면제되는 자영사업자가 계산서를 교부 또는 제출하지 아니하는 경우에는 부가가치세가과세되는 사업자의 경우와 같이 가산세를 부과하도록 함으로써 세제면에서 보다 효율적인 세원관리가 이루어질 수 있도록 함(안 제121조제8항 및 제142조제1항제3호) 제151회국회(정기회) 제4차 재무위원회(1990.11.21)상정제151회국회(정기회) 제10차 재무위원회(1990.12.17)의결제151회국회(정기회) 제19차 본회의(1990.12.18)보고  ",재무위원회,[],정부,정부,,0,,13
6,130820,지방선거법안,1990-03-05,의원,1990-12-17,폐기,제13대 (1988~1992) 제148회,"   지방의회의원 뿐만 아니라 지방자치단체의 장도 주민이 직접 선출하는 것이 지방자치의 이념을 구현하고 지방자치 실시의 기본목적을 성취하는데 핵심적 사항임에도 불구하고 현행법은 이러한 중요한 요소를 결여하고 있고, 또한 대의제 민주주의의 근간을 이루는 자유롭고 공명정대한 선거를 실시하는데 필수적으로 요청되는 제도적 장치가 결여되어 있으며, 민주정치발전의 요체인 정당정치의 구체적 표현으로서 정당의 선거참여가 보장되어 있지 않는 문제점을 갖고 있기 때문에 지방자치제의 실시를 앞두고 자유롭고 공명정대한 선거를 보장함과 동시에 현행 선거법의 불합리한 체계를 시정하기 위하여 이 안을 제안하는 것임. 1. 이 법의 목적이 지방의회의원과 지방자치단체의 장을 공정히 선거함으로써 지방자치와 민주정치의 발전에 기여함에 있음을 밝힘(안 제1조) 2. 지방의회의원의 피선거권은 25세로, 시·도지사는 35세로, 시·군·구청장은 30세로 하되 90일 이상 그 지역에 거주해야만 되도록 함(안 제10조) 다만, 최초로 실시하는 지방의원 및 단체장선거에 있어서는 선거일 공고일 현재 그 지방자치단체의 관할구역안에 주민등록이 되어 있는 자는 피선거권이 있도록 함(안 부칙 제3조) 3. 지방의회의원의 선거구를 지역선거구와 지역비례대표선거구의 2종으로 함(안 제13조) 4. 특별시·직할시·도의 지역선거구는 당해 지방자치단체의 관할구역안의 구·시·군 행정구역단위로 하되, 구·시·군이 2개 이상의 국회의원지역선거구로 구성되어 있을 경우에는 국회의원지역선거구를 선거구로함(안 제13조의2제1항) 5. 구·시·군의 지역선거구는 당해 지방자치단체의 관할구역안의 읍·면·동 행정구역단위로 함(안 제13조의2제2항) 6. 시·도지사 및 시·군·구청장의 선거에서는 당해 지방자치단체의 관할행정구역을 선거구로 함(안 제13조의2 제4항) 7. 특별시·직할시·도의회 지역선거구의원정수는 선거구마다 2인으로 하고 제주도는 선거구마다 3인으로 함. 다만, 시·도의원정수하한을 30인으로 하며 제주도는 15인으로 함(안 제13조의3) 8. 구·시·군의원정수는 선거구(읍·면·동)마다 1인으로 함. 다만, 구·시·군의원정수하한을 15인으로 함(안 제13조의4) 9. 지방의회 지역비례대표선거구 의원정수는 시·도 및 구·시·군의회 지역선거구 의원정수의 4분의1로 함(안 제13조의5) 10. 거주이전을 하지 않고 허위의 전입신고를 한 선거권자는 투표할 수 없도록 함(안 제16조의2) 11. 명부작성의 감독권한을 투표구 선거관리위원회에게도 부여하며 정당·후보자가 선거권자중에서 지명한 자를선거인명부작성에 입회할 수 있도록 함(안 제17조) 12. 선거인명부확정후에도 선거인명부작성과 관련하여 이의신청을 할 수 있도록 하고 신청이 이유가 있다고구·시·군선거관리위원회가 결정할 때에는 투표할 수 있는 선거증을 교부하도록 함(안 제21조의2) 13. 후보자등록시 정당추천을 받은 후보자는 정당의 추천狀을 제출하여야하며, 지역비례대표선거구 후보자명부작성시 정당은 그 순위를 결정함에 있어 홀수순위를 여성후보자로 하고 짝수순위를 남성후보자로 하도록함(안 제24조) 14. 2개 이상의 정당은 후보자를 공동으로 추천할 수 있으며 이 경우에 지역 비례대표 선거구 후보자명부를 공동으로 작성할 수 있도록 하고 지역 비례대표 선거구 당선인 결정시 후보자를 공동추천한 경우 후보자가 얻은 유효투표 수는 후보자가 소속한 정당이 득표한 것으로 봄(안 제24조제4항,제26조, 제120조의2) 15. 예납금은 중앙선거관리위원회규칙이 정하는 바에 따르도록 하고 후보자가 사퇴하거나 등록이 무효로 된 때를 제외하고는 공영비용을 공제한 후 예납자에게 반환하도록 함(안 제30조 및 제31조) 16. 정당.후보자의 배우자.후보자의 존속 및 비속도 선거운동을 할 수 있으며, 시·도지사선거에 있어서 선거연락소는 구·시·군 및 읍·면·동마다 각 1개소를 둘 수 있도록 함(안 제34조 및 제35조)17. 합동연설회는 선거구별로 5회, 후보자에 의한 연설회는 선거구내 투표구수 이내, 정당에 의한 연설회는 선거구내 투표구수 이내의 범위에서 할 수 있도록 하고 후보자에 의한 연설회는 2인 이상의 후보자가 공동으로 개최할 수 있도록 함(안 제43조 내지 제43조의3)18. 소형인쇄물은 후보자가 3종의 범위안에서 종별로 선거구의 선거권자수만큼 제작·배포할 수 있으며, 정당지원연설회와 관련 정당이 인사문·당보등 선전물을 제작·배포할 수 있도록 함(안 제43조의3, 제46조)19. 지방선거에 있어서 정당은 방송시설을 이용하여 연설, 대담, 토론, 광고를 할 수 있고 후보자는 시·도지사선거에서 연설, 대담·토론, 광고를 할 수 있도록 함(안 제48조, 제48조의2, 제48조의4)20. 단체장선거에서 관할지역 방송시설관리자가 후보자의 경력방송을 하도록 함(안 제48조의3)21. 지방선거에 있어서 정당은 신문광고를 할 수 있으며 후보자는 시·도지사선거, 시·도의원선거, 시·군·구청장선거에서 신문광고를 할 수 있도록 함(안 제48조의5)22. 선거소청에 관하여 규정함(안 제132조 내지 제137조)23. 매수 및 이해유도죄의 형량을 높힘(안 제141조 내지 제144조)24. 선거관리위원회에 폐쇄명령 및 시정의 권한과 재정신청권을 부여함(안 제182조, 제183조)25. 동시선거에 관한 특례에 관하여 규정함(안 제184조 내지 제187조) 제148회국회(臨시회) 제5차 내무위원회(1990.3.9)상정제151회국회(정기회) 제10차 내무위원회(1990.12.15)의결제151회국회(정기회) 제18차 본회의(1990.12.17)보고  ",내무위원회,"['조세형', '최락도', '김길곤', '김대중', '김덕규', '김득수', '김봉욱', '김봉호', '김영도', '김영배', '김영진', '김원기', '김종완', '김주호', '김충조', '김태식', '노승환', '류인학', '류준상', '문동환', '박상천', '박석무', '박실', '박영숙', '박종태', '박형오', '손주항', '송현섭', '신기하', '신순범', '양성우', '오탄', '이경재', '이교성', '이돈만', '이동근', '이상수', '이상옥', '이영권', '이원배', '이재근', '이찬구', '이철용', '이해찬', '이협', '이형배', '이희천', '임춘원', '정균환', '정기영', '정대철', '정상용', '정웅', '조순승', '조승형', '조윤형', '조찬형', '조홍규', '조희철', '채영석', '최봉구', '최영근', '최훈', '한광옥', '허경만', '허만기', '홍기훈', '홍영기']",조세형,평화민주당,남성,1,진보,13
7,130790,민법중개정법률안,1989-12-19,위원장,1989-12-19,원안가결,제13대 (1988~1992) 제147회,"   1. 1988년 11월 7일 금장숙·도영심·신영순·양경자·이윤자·박영숙 의원외 147인이 발의한 민법중개정법률안이 법제사법위원회에 회부됨.2. 법제사법위원회는 1988년12월16일 제144회국회(정기회)제13차 법제사법위원회에서 동법안을 심사한 바 심도있는 심사를 위하여 법안심사소위원회를 구성하고 법안심사를 위임하는 한편 1989년12월8일 제144회국회(정기회)제13차 법제사법위원회에서 6인의 관계전문가로부터 동법안에 대한 의견을 청취함.3. 1989년12월18일 제147회국회(정기회) 제16차 법제사법위원회에서 법안심사소위원회의 심사결과를 토대로심사한 결과 동법안을 본회의에 부의하지 아니하기로 하고 민법중개정법률안에 대한 위원회 대안을 제안하기로 함. 우리 민법상의 호주제도는 가족법의 근간을 이루고 있는 제도로서 이 제도를 폐지하였을시 법률체계뿐 아니라가족관계를 중심으로 하여 사회전반에 미치는 영향이 크므로 이 제도의 폐지여부는 앞으로 더욱 연구검토되어야 할 과제라고 보아 이를 계속 존치시 직계비속장남자의 거가금지규정삭제, 여자호주가 가를 계승할 남자의입적으로 호주에서 가족원이 되도록 하는 규정삭제, 실효성이 없는 호주의 부양의무규정 및 거소지정권삭제,호주의 사고로 인한 직무대행권삭제,처의 직계비속입적시 부가의 호주동의권을 삭제하고 “호주상속”을 “호주승계”로 그 개념을 변경하는 등 관계조문을 정리하고, 동성동본혼금지의 범위를 부계·모계·8촌 이내와 직계인척사이로 조정하자는데 대하여는 우리 사회의 인습과 사회전반에 미치는 영향을 고려하여 앞으로 더욱 연구검토하기로 하였으며 기타 현행 민법체계의 불합리한 점을 보완·정리하려는 것임. 1. 친족의 범위를 합리적으로 조정함.가. 부계혈족, 모계혈족은 각각 8촌이내로 하고, 인척은 4촌이내로 함(안 제777조)나. 자매의 직계비속을 혈족에 포함되도록 함(안 제768조)다. 인척중“혈족의 배우자의 혈족”을 삭제함(안 제769조)라. 배우자의 일방이 사망한 경우 생존배우자가 재혼하면 인척관계가 소멸되도록 함(안 제775조제2항)2. 호주제도를 존치하되 호주상속제도를 호주승계제도로 하고 유명무실한 호주권과 남녀不평등 조항을 대폭삭제함.가. 호주상속을 호주승계로 함(안 제980조)나. 호주 상속비용(안 제983조), 호주상속에 있어서의 태아의 지위(안 제988조), 대습상속(안 제990조),분묘등의 승계(안 제996조)규정을 삭제함다. 호주승계권은 포기할 수 있도록 함(안 제991조)라. 여호주의 가에 그 가의 계통을 계승할 남자가 입적하더라도 호주승계가 개시되지 아니하도록 함(안제980조제4호)마. 호주의 한정치산 선고청구권과 입적동의권을 삭제하고(안 제9조, 안 제784조제1항), 호주의 직계비속장남자의 거가금지(안 제790조), 호주의 가족에 대한 거소지정권(안 제798조), 호주의 사고와 그 직무대행(안 제799조), 호주의 부양의무(안 제797조)를 삭제하고, 가족의 불명재산에 대한 가족의 공유추정규정(안 제796조제2항)등을 둠으로써, 호주의 권리의무에 관한 규정을 대폭 정리함.바. 호주의 변경과 여호주 규정(안 제792조)을 삭제함으로써 여호주는 그 가의 계통을 계승할 남자가 그가에 입적하더라도 가족의 지위로 격하되는 것을 방지하고 혼인의 취소나 이혼시 또는 부가 사망한 때에 처와 부의 혈족아닌 직계비속은 친가에 복적하거나 일가를 창립할 수 있도록 함(안 제787조)3. 적모서자관계와 계모자관계를 시정함.법정친자관계로서의 계모자관계·적모서자관계는 폐지하여 인척관계로 함(안 제773조 및 제774조)4. 약혼해제사유를 일부 개정함.가. 약혼해제사유중 “폐병”을 삭제하고, 새로이 “不치의 정신병”을 삽입함(안 제804조제3호)나. 약혼해제사유중 “2년이상의 생사不명”을 “1년이상의 생사不명”으로함(안 제804조제6호)5. 부부동거장소규정을 개정하여 부부의 동거장소는 부부의 협의에 의하여 정하도록 하고 협의不성립시 가정법원이 정하도록 함(안 제826조제2항)6. 부부공동생활비용을 부부가 공동부담하도록 함(안 제833조)7. 이혼시 자녀의 양육책임규정을 시정하고, 면접교섭권을 신설함.가. 이혼시 자녀의 양육에 관한 사항을 부모가 협의하여 정하도록 함(안 제837조제1항)나. 이혼후 자를 직접 양육하지 아니하는 부모중 일방은 면접교섭권을 가지도록 함(안 제837조의 2제1항)다. 가정법원은 자의 복리를 위하여 필요한 때에는 당사자의 청구에 의하여 면접교섭권을 제한하거나 배제할 수 있도록 함(안 제837조의 2제2항)8. 이혼배우자의 재산분할청구권을 신설함.가. 이혼의 경우 배우자의 일방은 다른 일방에 대하여 기여도에 따라 재산분할을 청구할 수 있도록 함(안제839조의 2제1항)나. 재산분할에 대하여 협의되지 아니할 때에는 가정법원이 관여하도록 함(안 제839조의 2제2항)9. 입양제도를 조정함.가. 미성년자의 입양에 대하여서는 후견인이 동의함에 있어 가정법원의 허가를 받도록 함 (안 제871조 단서)나. 후견인이 피후견인을 양자로 하는 경우에는 가정법원의 허가를 받도록 함(안 제872조)다. 부부공동입양제도를 부부평등하게 하도록 함(안 제874조)라. 부부의 일방이 양자가 될 때에는 다른 일방의 동의를 얻도록 함(안 제874조)10. 가를 위한 양자제도를 폐지함.가. 사후양자제도를 폐지함(안 제867조)나. 호주의 직계비속장남자의 입양금지규정을 삭제함(안 제875조)다. 서양자제도를 폐지함(안 제876조)라. 유언양자제도를 폐지함(안 제880조)11. 부모의 친권행사를 조정함.혼인외의 자가 인지된 경우와 부모가 이혼한 경우에는 부모의 협의로 친권을 행사할 자를 정하고 협의가이루어지지 아니하는 경우에는 당사자의 청구에 의하여 가정법원이 정함(안 제909조제4항)12. 기혼자의 후견인의 순위규정을 조정함.기혼자가 금치산 또는 한정치산의 선고를 받은 경우 배우자가 후견인이 되고 배우자도 금치산 또는 한정치산의 선고를 받은 경우에는 제933조의 순위에 의함(안 제934조)13. 상속제도를 합리적으로 조정함.가. 상속인의 범위를 4촌이내의 방계혈족으로 축소시킴(안 제1000조제1항)나. 배우자의 일방이 사망한 경우 직계비속이 없는 때에는 사망배우자의 직계존속과 공동상속하도록 함(안제1003조제1항)다. 직계비속간 상속분의 차등을 없애고 균등하게 상속하며, 배우자의 상속분은 직계비속의 상속분에 5할을 가산하도록 함(안 제1009조제1항.제2항)라. 공동상속인중에 피상속인의 재산의 유지 또는 증가에 특별히 기여한 자가 있을 때에는 상속개시 당시의 재산가액에서 공동상속인의 협의로 정한 그 자의 기여분을 공제한 것을 상속재산으로 보도록 함(안제1008조의2제1항)마. 상속인 없는 재산의 청산의 경우 소정의 기간내에 상속권을 주장하는 자가 없는 때에는 가정법원은 피상속인과 생계를 같이하고 있던 자등 피상속인과 특별한 연고가 있던 자의 청구에 의하여 상속재산을분여할 수 있도록 함(안 제1057조의2)바. 재산상속인이 동시에 호주상속을 할 경우에 고유의 상속분에 그 5할을 가산하도록 한 현행제도를 폐지함(안 제1009조제1항 단서) 제147회국회(정기회) 제16차 법제사법위원회(1989.12.18) 상정·의결제147회국회(정기회) 제18차 본회의(1989.12.19) 상정·의결  ",법제사법위원회,[],위원장,위원장,,0,,13
8,130733,영·유아보육시설설치및운영에관한법률안,1989-11-24,의원,1990-12-12,철회,제13대 (1988~1992) 제147회,"   사회는 산업화에 따르는 가족형태의 핵가족화 기혼여성의 취업증대라는 사회변화에서 자녀양육의 문제가 심각히 대두되고 있다.특히 저소득층 기혼근로여성은 임金노동과 가사노동 그리고 육아라는 삼중고에 시달리고 있으며, 이들의 자녀들은 건전한 사회화를 저해하는 결핍환경속에 무방비상태로 방치되고 있다.따라서 이러한 문제를 사회의 공동책임이라는 인식하에 여성복지와 아동복지의 측면에서 해결하기 위하여 탁아사업의 활성화와 이의 제도적 보장의 필요성이 제기되고 있다.이에 유아보육시설의 설립을 촉진하기 위한 법적근거를 마련하고, 유아보육의 체계를 확립하기 위하여 유아보육 시설 설치 및 운영에 관한 법률을 제안하는 바임. 1. 유아보육에 관한 사항을 조사·연구·심의하기 위하여 보건사회부에 중앙유아보육위원회를 두고 서울특별시·직할시·도에 지방유아보육위원회를 둠(안 제4조)2. 유아보육시설의 종류는 국·공립 지역탁아원,민간지역탁아원, 직장탁아원 및 가정탁아원으로 함(안 제5조)3. 국가 및 지방자치단체는 국·공립 지역탁아원을 설립운영하여야 하며, 상시 200인 이상의 근로자를 고용하고 있는 사업장의 사용자는 직장탁아원을 설립운영하여야 함(안 제6조)4. 법인과 법인외의 자는 서울특별시장·직할시장·또는 도지사의 인가를 받아 유아보육시설을 설치할 수 있음. 다만, 가정탁아원의 경우 신고에 의하여 설치할 수 있음(안 제6조)5. 국가 및 지방자치단체는 농어촌, 도시령세민집단주거지역, 공단지역에 우선적으로 유아보육시설을 설치하여야 하며, 생활보호법에 의한 생활보호대상자의 자녀 및 모자가정의 자녀가 우선적으로 취원할 수 있게함(안 제13조)6. 국가 또는 지방자치단체는 비영리 유아보육시설의 설치 및 운영에 필요한 비용의 전부 또는 일부를 보조함(안 제16조)7. 유아교육진흥법에 의한 새마을유아원중 이 법에 의한 유아보육시설로 전환하기를 희망하는 시설은 신고에의하여 이 법에 의하여 설립된 유아보육시설로 됨(안 부칙제2조제1항)8. 이 법 시행 당시 미인가 민간탁아시설은 이 법 시행후 6개월내에 시설, 설비를 갖추어 인가청에 신고하여야 함(안 부칙 제2조제2항)  ",보건사회위원회,"['신상우', '석준규', '송두호', '권헌성', '김광일', '김남', '김덕룡', '김동규', '김동영', '김동주', '김봉조', '김성룡', '김영삼', '김우석', '김운환', '김일동', '김재광', '김정길', '김정수', '노무현', '노흥준', '류승규', '류승번', '문정수', '문준식', '박경수', '박관용', '박용만', '박재규', '박종율', '박태권', '백남치', '백찬기', '서석재', '서청원', '신영국', '신하철', '심완구', '오경의', '유기준', '이기택', '이인제', '이행구', '장석화', '정상구', '정재문', '정정훈', '조만후', '최기선', '최이호', '최정식', '최형우', '허재홍', '황낙주', '황대봉', '황명수', '황병태']",신상우,통일민주당,남성,0,보수,13
9,130668,탁아복지법안,1989-11-10,의원,1992-05-29,임기만료폐기,제13대 (1988~1992) 제147회,"   우리나라의 탁아복지제도는 1961년12월30일 아동복리법이 제정, 공포되면서 도입된 이후 1982년12월31일 유아교육진흥법, 1987년12월4일 남녀고용평등법이 각각 제정되는 과정을 거치면서 여러차례의 시행착오를 거듭하여왔다.그러나 현재 맞벌이 부부를 대상으로 한 최소한 추정탁아대상아동 151만명중 약 51만여명이 각종 공·사립유아교육기관에 취원하고 있으며, 이들중 3세이하의 아동은 불과 2,770여명만이 보육되고 있는 실정이다. 즉 적어도 100만명의 아동들이 부모들이 직장에서 일을 하는동안 적절하게 보육되고 있지 못한 것이다.오늘날 아동보육에 대한 국가의 책임은 다음과 같은 이유들로 하여 날로 명확해 지고 있다.첫째, 아동들은 우리 사회의 미래를 이끌어갈 중요한 주체들이기 때문이며 둘째, 여성들의 경제활동은 날로 증가하고 있는데 자녀양육에 대한 사회적 보장없이 여성들의 사회, 경제적 활동과 아동의 건강한 성장과의 양립은 불가능하기 때문이며 셋째, 가장 중요한 이유로 인간다운 생활을 할 권리를 천명하고 있는 우리 헌법이 복지국가의 이념을 실천하는데 있어서 아동과 여성과 저소득층의 인간다운 생활을 보장하기 위한 필수조건으로서탁아보장은 그 출발점이 되기 때문이다.그러나 보건사회부의 아동복지법시행령은 아동복지시설중 탁아시설의 설치, 운영에 관한 법적 근거를 마련할뿐 국가 및 지방자치단체에 대한 탁아소 설립의무가 없고 민간탁아소에도 시설 및 인적기준을 높은 수준으로강제하여 규제립법의 성격을 지니는 바, 만약 개정시행령에 따를 경우 지금까지 일정 수준 보육되고 있던 아동들 마저 방치하는 결과를 초래할 가능성도 있다는 점에서 문제점을 가지고 있다.따라서 탁아복지는 국가의 사회보장정책의 출발 이므로 임시적 조치로서의 시행령으로 규율하기 보다 국회의립법과정을 거쳐 그 원칙이 정해짐이 타당하다고 생각하여 아동복지법과는 다른 특별법으로 이 법을 제안함. 1. 국가 및 지방자치단체의 탁아소설립의 의무 규정 국가 및 지방자치단체는 도시빈민지역, 공단지역, 농어촌지역을 우선적으로 일정한 물적 및 인적시설을 갖춘 지역탁아소를 설치하도록 함(안 제7조제2항)2. 비영리탁아소의 자율적운영 보장 및 재정지원비영리 법인등이 비영리사업으로 운영하는 지역탁아소는 주무관청에 신고하고, 비영리사업으로 운영되는지 여부를 감독받는 외에는 자율적으로 설치·운영할 수 있도록 하고(안 제14조, 제8조제1항), 영세민을 주요대상으로 하는 경우 일정한 조건하에 운영비등을 지원하도록 함(안 제16조)3. 기업의 직장탁아소 설립의무상시 200명 이상의 노동자를 고용하는 사업장은 직장탁아소의 설립을 의무화함(안 제9조)4. 공동주宅건설시 탁아소설립 의무(안 제8조제2항)5. 지방자치단체의 유치원, 새마을 유아원 등 관련 시설에 대한 탁아사업위탁(안 제10조)6. 생활보호대상자 등에 대한 입소의 우선순위 및 저소득층에 대한 지원 명시(안 제18조)7. 탁아소설립 및 운영사항을 심의·감독하기 위한 탁아운영위원회 구성(안 제4장)  ",보건사회위원회,"['박영숙', '권노갑', '김길곤', '김대중', '김덕규', '김득수', '김봉욱', '김봉호', '김영도', '김영배', '김영진', '김원기', '김종완', '김주호', '김충조', '김태식', '노승환', '류인학', '류준상', '문동환', '박상천', '박석무', '박실', '박종태', '박형오', '손주항', '송현섭', '신기하', '신순범', '양성우', '오탄', '이경재', '이교성', '이돈만', '이동근', '이상수', '이상옥', '이영권', '이원배', '이재근', '이찬구', '이철용', '이해찬', '이협', '이형배', '이희천', '임춘원', '정균환', '정기영', '정대철', '정상용', '정웅', '조세형', '조순승', '조승형', '조윤형', '조찬형', '조홍규', '조희철', '채영석', '최락도', '최봉구', '최영근', '최훈', '한광옥', '허경만', '허만기', '홍기훈', '홍영기']",박영숙,평화민주당,여성,1,진보,13
10,130503,특정범죄가중처벌등에관한법률중개정법률안,1989-03-08,위원장,1989-03-09,원안가결,제13대 (1988~1992) 제145회,"   1989년3월3일 이인제의원·오 탄의원·신오철의원외 163인이 발의한 특정범죄가중처벌등에 관한 법률중개정법률안을 심사한 결과 합의된 내용을 대안으로 제안하기로 하고 원안은 본회의에 부의하지 아니하기로 함. 각종 범죄가 다발하고 흉폭화하여 국민생활에 심각한 불안을 야기시키고 있으므로 소위 가정파괴범등에 대하여중형을 부과하여 반사회적, 반인륜적 범죄에 대한 철저한 단죄와 범죄의 예방효과를 기하려는 것임. 1. 영리의 목적 또는 추업에 사용할 목적 등으로 미성년자와 부녀자를 약취·유인 또는 매매하거나 약취·유인 또는 매매된 미성년자나 부녀자를 수수·은닉 또는 국외이송한 자와 신문·잡지 기타 간행물에 의한 광고 또는 문서의 반포 등의 방법으로 사람을 모집하여 매매 또는 국외이송한 자는 무기 또는 5년 이상의 징역에 처하도록 하고, 상습범인 경우에는 가중처벌하도록 함(안 제5조의2)2. 형법상 특수절도나 특수강도가 부녀를 강간 또는 강제추행한 때에는 사형·무기 또는 5년 이상의 징역에처하도록 함(안 제5조의6) 제145회국회(임시회) 제8차 법제사법위원회(1989.3.8)상정·의결제145회국회(임시회) 제9차 본회의(1989.3.9)상정·의결  ",법제사법위원회,[],위원장,위원장,,0,,13
11,130502,사회보호법중개정법률안,1989-03-08,위원장,1989-03-09,원안가결,제13대 (1988~1992) 제145회,"   1988년12월10일 조만후의원외 59인이 발의한 사회보호법폐지법률안, 동년12월13일 이진우의원·이치호의원·홍세기의원외 45인이 발의한 사회보호법중개정법률안, 1989년1월19일 박상천의원·조승형의원·오 탄의원외 68인이 발의한 사회보호법중개정법률안 및 동년2월3일 박충순의원외 34인이 발의한 사회보호법중개정법률안을 심사한 결과 합의된 내용을 1개의 개정법률안으로 통합하여 단일안인 대안으로 제안하기로 하고 이상 4건의 법률안은 본회의에 부의하지 아니하기로 함. 감호의 요건에 관한 규정중 일정한 죄를 범한 경우에 반드시 보호감호나 치료감호에 처하도록 한 필요적 보호감호제도 및 필요적 치료감호제도를 폐지함과 아울러 보호감호 및 치료감호의 요건에 “재범의 위험성”을 명시하여 감호의 필요성에 관한 법관의 판단에 재량을 주고, 보호감호처분을 할 수 있는 범죄를 상습범과 미성년자약취·유인·부녀매매·강도·강간등 이른바 인신매매사범·가정파괴사범등만으로 한정하여 감호처분의 적정을 기하도록 현행제도의 문제점과 결함을 개선·보완하려는 것임. 1. 보호처분대상자중에서 범죄를 목적으로 하는 단체 또는 집단의 수괴 및 간부인 자를 삭제함(안 제2조)2. 필요적 보호감호규정을 삭제하고, 재범의 위험성을 보호감호의 요건으로 명시함(안 제5조)3. 보호감호의 대상이 되는 범죄를 대폭 축소하여 형법 제287조 내지 제289조 등의 죄, 폭력행위등 처벌에 관한 법률 제2조제1항 등의 죄, 특정범죄 가중처벌 등에 관한 법률 제5조의2 등의 죄, 특정경제범죄가중처벌등에 관한 법률 제3조의 죄로 한정, 별표에 규정하였음(안 제5조 및 별표)4. 보호감호는 그 기간을 미리 정하지 아니하되 보호감호시설에의 수용은 7년을 초과할 수 없도록 함(안 제7조제3항)5. 치료감호의 종료시기를 현행 “완치”된 때에서 “감호의 필요가 없을 정도로 치유”된 때로 완화함(안 제9조제2항)6. 보호감호와 치료감호의 내용과 실태를 공개하도록 함(안 제23조의 1)7. 가출소, 감호 등의 면제심사를 현행 매2년에서 매1년으로 단축함(안 제25조)8. 사회보호위원회를 판사·검사 또는 변호사의 자격이 있는 7인 이내의 위원과 의사의 자격이 있는 2인 이내의 위원으로 구성토록 함(안 제32조제2항)9. 피치료감호자와 그 법정대리인 및 친족은 피치료감호자가 감호의 필요가 없을 정도로 치유되었음을 이유로사회보호위원회에 치료감호의 종료 여부를 심사·결정하여 줄 것을 신청할 수 있도록 함(안 제35조의 2)10. 보호감호 및 치료감호의 시효를 15년에서 10년으로 단축함(안 제37조제1항)11. 이 법시행 당시 7년이 경과한 보호감호대상자는 이 법 시행일에 그 집행이 종료된 것으로 봄(안 부칙제2조제3항) 제145회국회(임시회) 제16차 민주발전을위한법률개폐특별위원회(1989.3.6)상정·의결제145회국회(임시회) 제9차 본회의(1989.3.9)상정·의결  ",민주발전을위한법률개폐특별위원회,[],위원장,위원장,,0,,13
12,130492,남녀고용평등법중개정법률안,1989-03-07,위원장,1989-03-08,원안가결,제13대 (1988~1992) 제145회,"   1. 남녀고용평등법중 개정법률안이 1988년 12월 15일 박영숙·금광일·박병선의원외 148인으로부터 발의, 동년 12월16일 勞동위원회에 회부되어 1989년2월20일 제145회국회(임시회) 제1차위원회에서 제안설명과 전문위원의 검토보고를 듣고, 이미 구성되어 있는 노동관계법안심사소위원회에 동개정법률안을 심사하도록 하였음.2. 법안심사소위원회는 3차(89년2월6일-8일)에 걸쳐 본법과 동개정안을 진지하게 심사한 결과, 개정안 전조문을 수정하게 됨에 따라 그 외의 일부조문을 포함하여 대안을 마련, 1989년2월28일 제145회국회(임시회) 제4차위원회에 보고하여 의결함으로써 위원회의 대안으로 본법안을 제출하게 되었음. 남녀고용평등에 있어 가장 핵심부분이라 볼 수 있는 동일노동 동일임金규정의 동일노동 또는 동등가치의 노동에 대한 개념이 애매하므로 그 기준을 노동수행에서 요구되는 기술·노력·책임 및 작업조건 등으로 분류 구분키로 하였으며, 근로여성으로부터 신고되는 고충의 해결 또는 조정기능을 사업장내의 자율적 해결기관과 지방노동행정기관에 설치하는 고용문제조정위원회외에 노동부에 두고 있는 근로여성위원회를 그 상급조정기관으로활용하려는 것은 그 위원회의 기능상 부적합하므로 종전과 같이 두었으며, 분쟁의 해결 및 조정기관의 처리시한을 적절하게 재조정하였음. 1. 특정성 또는 가족상황을 이유로 불이익한 조치를 취할 수 없도록 차별의 정의를 명문화 함(안 제2조의 2)2. 동일가치노동의 기준을 노동수행에서 요구되는 기술, 노력, 책임 및 작업조건 등으로 하고, 임金차별을 목적으로 사업주에 의해 설립된 별개의 사업은 동일한 사업으로 보도록 함(안 제6조의2 제2항 및 제3항)3. 육아휴직기간을 1년이내로 하며 그 기간은 근속기간에 포함하도록 함(안 제11조제2항)4. 고충처리기관의 구성을 노사 동수로 하되, 근로자대표는 당해사업장에 노동조합이 있는 경우 그 노동조합의 여성근로자대표를 근로자대표로 하도록 함(안 제14조제2항)5. 고충해결에 대한 지원을 받은 때에는 10일이내에 관계당사자에게 필요한 조언, 권고, 조정을 하도록 함(안제15조)6. 고용문제조정위원회 구성에 있어 공익위원은 근로여성에 관한 학식과 경험이 있거나, 여성관계업무와 관련되는 공무원중에서 위촉하도록 함(안 제17조제1항단서)7. 고용문제조정위원회는 신청을 받은 날로부터 30일이내에 조정의 결과를 관계당사자에게 통보하도록 함(안제18조제4항)8. 분쟁해결에서의 입증책임을 사용자가 부담하도록 함(안 제19조)9. 법의 실효성 확보를 위해 위법시 처벌을 강화함(안 제23조) 제145회국회(임시회) 제4차 노동위원회(1989.2.28)상정·의결제145회국회(임시회) 제8차 본회의(1989.3.8)상정·의결  ",노동위원회,[],위원장,위원장,,0,,13
13,130474,특정범죄가중처벌등에관한법률중개정법률안,1989-03-03,의원,1989-03-09,대안반영폐기,제13대 (1988~1992) 제145회,"   공권력의 도덕성 상실과 시국치안에 치중하여 온 경찰력의 정치성 때문에 각종 범죄의 다발과 흉폭화등의 극한 치안不재 현상이 국민생활에 심각한 不안을 야기시키고 있고 여기에 더하여 각종 흉악범죄가 법망의 허술함을틈타 더욱 빈발하고 있는바, 이의 대책으로는 경찰의 중립화와 이들 흉악범들에 대한 중형과 수사권강화가 뒤따라야 하므로 소위 가정파괴범 등에 대하여 중형을 부과하고 집단범죄에 대한 죄목을 신설하여 반사회적·반인륜적 범죄에 대한 철저한 단죄와 범죄의 예방효과를 기하기 위한 것임. 1. 영리의 목적 또는 추업에 사용할 목적등으로 미성년자와 부녀를 약취·유인 또는 매매하거나 약취·유인또는 매매된 미성년자나 부녀를 수수·은닉 또는 국외이송한 자는 가중처벌하고 신문·잡지 기타 간행물에의한 광고 또는 문서의 반포 등의 방법으로 사람을 모집하여 매매 또는 국외이송한 자는 무기 또는 5년 이상의 징역에 처하도록 함(안 제5조의2)2. 형법상 특수절도나 특수강도가 부녀를 강간 또는 강제추행한 자는 사형·무기 또는 10년 이상의 징역에 처하도록 함(안 제5조의6)3. 사람의 주거·간수하는 저宅·건조물이나 선박 또는 점유하는 방실에 침입하여 부녀를 강간 또는 강제추행하거나 흉기를 휴대 또는 2인 이상이 합동하여 부녀를 강간 또는 강제추행한 자는 사형·무기 또는 10년이상의 징역에 처하도록 함(안 제5조의7) 제145회국회(임시회) 제7차 법제사법위원회(1989.3.7)상정·소위원회회부제8차 법제사법위원회(1989.3.8)소위원회심사보고·질의·의결제145회국회(臨시회) 제9차 본회의(1989.3.9)보고  ",법제사법위원회,"['이인제', '신오철', '오탄', '강신옥', '구자춘', '권노갑', '권헌성', '김광일', '김길곤', '김남', '김대중', '김덕규', '김덕룡', '김동규', '김동영', '김동주', '김두윤', '김득수', '김문원', '김병룡', '김봉욱', '김봉조', '김봉호', '김성룡', '김영도', '김영배', '김영삼', '김영진', '김용채', '김용환', '김우석', '김운환', '김원기', '김인곤', '김일동', '김재광', '김정길', '김정수', '김제태', '김종식', '김종완', '김종필', '김주호', '김충조', '김태식', '김현', '김홍만', '노무현', '노승환', '노흥준', '류승규', '류승번', '류인학', '류준상', '문동환', '문정수', '문준식', '박경수', '박관용', '박병선', '박상천', '박석무', '박실', '박영숙', '박용만', '박재규', '박종율', '박종태', '박충순', '박태권', '박형오', '백남치', '백찬기', '서경원', '서석재', '서청원', '석준규', '손주항', '송두호', '송현섭', '신기하', '신상우', '신순범', '신영국', '신진수', '신철균', '신하철', '심완구', '양성우', '연제원', '오경의', '오용운', '옥만호', '유기수', '유기준', '윤성한', '윤재기', '이경재', '이교성', '이기택', '이대엽', '이돈만', '이동근', '이병희', '이상수', '이상옥', '이영권', '이원배', '이인구', '이재근', '이재연', '이종근', '이찬구', '이철용', '이택석', '이해찬', '이행구', '이협', '이형배', '이희일', '이희천', '임춘원', '장석화', '정균환', '정기영', '정대철', '정상구', '정상용', '정시봉', '정웅', '정일영', '정재문', '정정훈', '조만후', '조부영', '조세형', '조순승', '조승형', '조윤형', '조찬형', '조홍규', '조희철', '채영석', '최각규', '최기선', '최락도', '최무룡', '최봉구', '최영근', '최이호', '최정식', '최형우', '최훈', '한광옥', '허경만', '허만기', '허재홍', '홍기훈', '홍영기', '황낙주', '황대봉', '황명수', '황병태']",이인제,통일민주당,남성,1,보수,13
14,130369,남녀고용평등법중개정법률안,1988-12-15,의원,1989-03-08,대안반영폐기,제13대 (1988~1992) 제144회,"   남녀고용평등법의 의의는 고용기회 및 노동조건에서의 남녀고용평등을 실현하기 위한 것으로서 모집·채용·임金·승진·교육훈련의 기회·해고·퇴직에서의 차별철폐를 위한 법제정이라는 데 있다.그러나 현행 남녀고용평등법은 여성근로자에 대한 차별을 없애나가는데 가장 핵심이 되는 차별임金 금지규정이빠져 있을 뿐만 아니라, 법의 실효성을 보장해주는 벌칙규정이 근로기준법에도 훨씬 못미쳐 이름뿐인 법이 되고 있다.따라서 남녀고용평등법의 본래의 목적인 남녀의 평등한 노동권을 보장하는 한편 모성을 보호하고 직업능력을개발하여 근로여성의 지위향상과 복지증진에 기여하기 위해 현행법의 문제점을 개선하여 실질적인 남녀고용평등을 실현하도록 개정하고자 한다. 1. 특정성 또는 가족상황을 이유로 불이익한 조치를 취할 수 없도록 차별의 정의를 명문화함(안 제2조의2)2. 국가와 지방자치단체가 근로여성위원회에서 심의·결정된 사항을 시행할때 동위원회에 세부계획을 보고하도록 함(안 제4조제4항)3. 모든 사용자는 동일한 노동 또는 동등한 가치를 가지는 노동에 대하여 동일 임金을 지급하도록 함(안 제6조의2)4. 근로계약 체결후에도 혼인·임신·출산을 이유로 해고·휴직·전직·감봉 기타 不리익 조치를 하지 못하도록 함(안 제8조제3항)5. 분쟁해결에서의 입증책임을 사용자가 부담하도록 함(안 제19조)6. 법의 실효성 확보를 위해 위법시 처벌을 강화함(안 제22조) 제145회국회(임시회) 제1차 노동위원회(1989.2.20)상정·소위원회회부제4차 노동위원회(1989.2.28)소위원회심사보고·의결제145회국회(임시회) 제8차 본회의(1989.3.8)보고  ",노동위원회,"['박영숙', '김광일', '박병선', '고세진', '구자춘', '권노갑', '권달수', '권헌성', '김근수', '김길곤', '김남', '김대중', '김덕규', '김덕룡', '김동영', '김동주', '김득수', '김명섭', '김봉욱', '김봉조', '김봉호', '김성룡', '김영도', '김영배', '김영진', '김운환', '김원기', '김일동', '김정수', '김종완', '김주호', '김진영', '김충조', '김태식', '김태호', '김현', '김홍만', '노무현', '노승환', '노인환', '류승규', '류승번', '류인학', '류준상', '류한열', '문동환', '문정수', '박경수', '박관용', '박상천', '박석무', '박실', '박재규', '박정수', '박종율', '박종태', '박찬종', '박형오', '백찬기', '서경원', '서상목', '서석재', '서청원', '석준규', '손주항', '송두호', '송현섭', '신경식', '신기하', '신상우', '신순범', '신영국', '신철균', '신하철', '심완구', '심정구', '안병규', '양성우', '오탄', '오한구', '옥만호', '유수호', '이강희', '이경재', '이교성', '이긍규', '이기빈', '이돈만', '이동근', '이병희', '이상득', '이상수', '이상옥', '이영권', '이웅희', '이원배', '이인제', '이재근', '이찬구', '이철', '이철용', '이해찬', '이행구', '이협', '이형배', '이희일', '이희천', '임춘원', '장석화', '정균환', '정기영', '정대철', '정동호', '정상구', '정상용', '정웅', '정일영', '정정훈', '조경목', '조만후', '조세형', '조순승', '조승형', '조윤형', '조찬형', '조홍규', '조희철', '지연태', '채영석', '최각규', '최기선', '최락도', '최봉구', '최영근', '최운지', '최이호', '최정식', '최훈', '한광옥', '허경만', '허만기', '허재홍', '홍기훈', '홍영기', '황명수', '황성균']",박영숙,평화민주당,여성,1,진보,13
15,130334,모자복지법안,1988-12-09,의원,1989-03-08,수정가결,제13대 (1988~1992) 제144회," "" 1. 현대사회의 도시화·산업화·핵가족화 등으로 배우자와의 사별·이혼·유기·별거 및 기타 사유로 배우자가 없거나 배우자가 있어도 폐질·不구 등으로 장기간 근로능력을 상실하여 여성이 생계의 책임을 지는 모자가정이 날로 늘어나고 있으므로2. 이들 모자가정이 자활자립할 수 있도록 생계보호·교육보호·직업훈련·생업자金융자·주宅제공 등을 통하여 모자가정의 건강하고 문화적인 생활을 형유할 수 있게 하여 사회안정과 모자복지의 증진을 도모하기 위하여 제안하는 것임. 1. 국가와 지방자치단체는 모자복지증진에 책임을 짐(안 제2조)2. 모자가정의 모와 자는 자립자활을 위하여 최대한 노력하도록 함(안 제3조)3. 모자복지사업의 기획·조사·실시 등에 필요한 사항을 심의하기 위하여 보사부, 시·도 및 시·군·구에모자복지위원회를 설치함(안 제6조)4. 지방자치단체에의 관할지역내에 모자복지상담소를 설치하고 모자복지상담원을 배치함(안 제7·8조)5. 보호대상자는 매년 1회 시·군·구에서 조사하여 보사부장관에게 보고함(안 제10조)6. 보호대상자는 복지급여내용을 신청하여 복지金을 지급함(안 제11·12조)7. 복지급여의 내용은 생계비·아동교육비·직업훈련비·아동부양비·생업자金·주택자금·의료비 등으로 정함(안 제12·13조)8. 국가 또는 지방자치단체는 모자가정의 가구원에게 직업훈련과 고용알선에 노력하도록 함(안 제13조)9. 국민주宅의 분양과 임대시에는 모자가정에 일정비率이 분양될 수 있게 함(안 제18조)10. 모자복지시설의 종류는 모자보호시설·모자자립시설·미혼모시설·일시보호시설·부녀복지관·부녀상담소로 함(안 제19조)11. 모자복지시설은 국가 또는 지방자치단체 그리고 사회복지법인이나 비영리법인이 설치·운영할 수 있게 함(안 제20조)12. 모자복지사업에 필요한 비용은 정부보조의 근거를 마련함(안 제25조) 벌칙을 규정함에 있어서 동일형량의 벌칙조항을 2개항으로 분리규정하고 있는 것을 삭제하는 등 일부분의 법체계를 정리하고 자구를 수정하고자 함.□ 수정주요골자1.“복지내용”의 용어를 “복지급여”로 함(안 제11조제1항 및 제2항)2. 모자가정에 대한 복지급여의 신청방법·절차 등을 보건사회부령에 위임하는 규정을 2개조에 중복규정하고있으므로 그 중 1개조항을 삭제(안 제12조제2항)3. 동일형량의 벌칙을 2개항으로 분리규정하고 있는 것을 1개항으로 통합규정(안 제29조) 제145회국회(임시회) 제1차 보건사회위원회(1989.2.21)상정·질의·소위원회회부( 89.2.27 소위원회심사)제5차 보건사회위원회(1989.2.28)소위원회보고·의결제145회국회(임시회) 제8차 본회의(1989.3.8)상정·의결"" ",보건사회위원회,"['신영순', '김장숙', '이윤자', '김동인', '김명섭', '김완태', '김인영', '김중위', '김한규', '박준병', '박태준', '박희태', '서정화', '손주환', '안영기', '양경자', '오유방', '유기천', '유수호', '이강희', '이상하', '이승윤', '이자헌', '이진우', '이치호', '이태섭', '장영철', '정종택', '조경목', '조남욱', '최창윤', '홍세기', '황성균']",신영순,민주정의당,여성,4,보수,13
16,130173,민법중개정법률안,1988-11-07,의원,1989-12-19,대안반영폐기,제13대 (1988~1992) 제144회,"   우리 민법중 친족상속편(이하 “가족법”이라 한다)은 중국의 영향을 받은 종법제에 의한 가족제도를 기간으로남계혈통중심으로 이루어져 있어, 그 제정이래 1977년에 있은 제2차 가족법의 개정으로 그 내용이 일부 완화는되었으나, 아직도 현행 가족법에는 “가” 중심적 이며 남존여비사상에 바탕을 둔 가부장제가족제도적 요소가남아 있는 바, 이는 자유와 평등을 구현하고자 하는 민주주의 이념에 크게 상치될 뿐만 아니라,인간의 존엄성과 평등한 권리를 선언한 세계인권선언 제1조 및 모든 국민의 법앞의 평등을 선언한 우리 헌법 제11조와,“혼인 및 가족생활은 개인의 존엄과 양성의 평등을 기초로 성립되고 유지되어야 한다”고 선언한 우리 헌법 제36조의 양성평등정신에도 부합되지 아니하며, 또한 산업구조의 변화와 국민의식구조의 민주화로 인하여 법률상의호주제도는 유명무실화되고 있는 한편, 법률상 가족개념과 현실의 가족개념이 不일치하게 됨으로써 법과 현실의 괴리현상과 이로 인한 존법정신의 약화가 심각히 우려되는 외에, 남계혈통중심의 현행 가족법은 남아선호사상의 원인이 되고 있어 인구정책면으로도 부정적 영향을 미치고 있음.가족은 사회의 기본단위로서 가족제도의 체계는 사회의 가치관확립에 다대한 영향을 미치는 것인 바, 합리적인가족법은 가정의 신복과 국가 사회의 발전에 기여할 것으로 고유의 전통은 법으로서가 아니라 본래의 모습대로 가르침을 통하여 전승될 것이나, 실정법 제도로서의 가족법은 그의 상징성 외에 지극히 현실적인 분쟁해결의 수단이므로 양성평등에 위배되는 차별적 규정으로 인하여 수 많은 국민의 이익이나 인권이 침해될 수도 있다는점을 감안할 때에 진정한 가정의 민주화를 위하여서도 하루속히 근대적 가부장제 가족제도를 불식하고 인간의존엄과 남녀평등의 원칙에 입각한 내용의 가족법으로 보완하고자 민법의 일부를 개정하려는 것임. 1. 친족의 범위를 합리적으로 조정함.가. 부계혈족, 모계혈족은 각각 8촌이내로 하고, 인척은 4촌이내로 함(안 제777조)나. 자매의 직계비속을 혈족에 포함되도록 함(안 제768조)다. 인척중 “혈족의 배우자의 혈족”을 삭제함(안 제769조)라. 배우자의 일방이 사망한 경우 생존배우자가 재혼하면 인척 관계가 소멸되도록 함(안 제775조제2항)2. 동성동본혼인금지범위를 합리적으로 조정함.가. 동성동본 혼인금지선언 규정을 삭제함(안 제809조제1항)나. 부계 8촌이내, 모계 8촌이내의 경우 혼인을 금지하고, 이에 위반하면 이를 무효로 함(안 제809조제1항)다. 직계인척이거나 직계인척이었던 자 사이의 혼인을 금지하고, 이에 위반하면 이를 무효로 함(안 제809조제2항)3. 호주제도를 폐지하고, 이와 관련하여 호주상속제도를 정리함.가. 호주제도에 관한 규정을 모두 삭제함(안 제9조·제778조∼제799조)나. 호주상속제도에 관한 규정을 모두 삭제함(안 제980조∼제996조)4. 적모서자 관계와 계모자 관계를 시정함. 법정 친자관계로서의 계모자 관계·적모서자 관계는 폐지하여 인척관계로 함(안 제773조 및 제774조)5. 약혼 해제 사유를 일부 개정함.가. 약혼 해제 사유중 “폐질”을 삭제하고,새로이 “不치의 정신병”을 삽입함(안 제804조제3호)나. 약혼해제사유중 “2년이상의 생사不명”을 “1년이상의 생사不명”으로 함(안 제804조제6호)6. 부부동거장소규정을 개정하고 부부의 입적규정을 삭제함.가. 부부의 동거장소는 부부의 협의에 의하여 정하도록 함(안 제826조제2항)나. 처가 부의 호적에 입적하도록 한 규정을 삭제함(안 제826조제3항)7. 입부혼제도의 폐지처가 친가의 호주 또는 호주상속인인 때에 부가 처의 호적에 입적할 수 있던 입부혼제도를 삭제함(안 제826조제3항 단서·동조제4항)8. 부부공동생활비용을 부부가 공동부담하도록 함.부부의 공동생활비용은 여러가지 사정을 참작하여 부부가 분담하도록 함(안 제833조)9. 이혼시 자녀의 양육책임규정을 시정하고, 면접교섭권을 신설함.가. 이혼시 자녀의 양육에 관한 사항을 부모가 협의하여 정하도록 함(안 제837조제1항)나. 이혼후 자를 직접 양육하지 아니하는 부모중 일방은 면접교섭권을 가지도록 함(안 제837조의2제1항)다. 가정법원은 자의 복리를 위하여 필요한 때에는 당사자의 청구에 의하여 면접교섭권을 제한하거나 배제할 수 있도록 함(안 제837조의2제2항)10. 이혼배우자의 재산분할청구권을 신설함.가. 이혼의 경우 배우자의 일방은 다른 일방에 대하여 기여도에 따라 재산분할을 청구할 수 있도록 함(안제839조의2제1항)나. 재산분할에 대하여 협의되지 아니할 때에는 가정법원이 관여하도록 함(안 제839조의2제2항)11. 이혼원인중 일부를 조정함.가. 이혼 원인 중 배우자의 직계존속으로부터의 심히 부당한 대우를 받았을 때를 삭제함(안 제840조제3호)나. 이혼원인중 자기의 직계존속이 배우자로부터 심히 不당한 대우를 받았 을 때를 삭제함(안 제840조제4호)12. 입양제도를 조정함.가. 미성년자의 입양에 대하여서는 가정법원의 허가를 받도록 함(안 제871조)나. 후견인이 피후견인을 양자로 하는 경우에는 가정법원의 허가를 받도록 함(안 제872조)다. 부부공동입양제도를 부부평등하게 하도록 함(안 제874조)라. 부부의 일방이 양자가 될 때에는 다른 일방의 동의를 얻도록 함(안 제874조)마. 양자는 양부 또는 양모의 성을 따르도록 함(안 제882조의2)13. 가를 위한 양자제도를 폐지함.가. 사후양자제도를 폐지함(안 제867조)나. 호주의 직계비속장남자의 입양금지규정을 삭제함(안 제875조)다. 양자제도를 폐지함(안 제876조)라. 유언양자제도를 폐지함(안 제880조)14. 부모의 친권행사를 조정함.가. 생부가 인지한 혼인외의 출생자에 대한 친권은 생부모의 협의로써 생부를 친권자로 한 때에 한하여 생부가 이를 행사하도록 함(안 제909조제3항)나. 부모가 이혼을 할 경우 협의로써 친권자를 정하고, 협의가 되지 아니할 때에는 가정법원이 정하도록함(안 제909조제5항)15. 기혼자의 후견인의 순위규정을 조정함.가. 기혼자의 금치산 또는 한정치산의 선고를 받은 경우의 후견인은 그 배우자가 되고, 배우자가 없거나후견인이 될 수 없는 경우에는 가정법원이 선임하도록 함(안 제934조)나. 호주제도의 폐지등에 따라 미성년자 및 금치산자의 후견인의 순위에서 호주를 삭제함(안 제932조 및제933조)16. 부양의무의 대상범위를 조정함.호주제도의 폐지에 맞추어 부양의무의 대상에서 호주와 가족간을 삭제하고, 형제자매간을 추가함(안 제974조제2호)17. 상속제도를 합리적으로 조정함.가. 상속인의 범위를 4촌이내의 방계혈족으로 축소시킴(안 제1000조제1항)나. 배우자의 일방이 사망한 경우 직계비속이 없는 때에는 사망배우자의 직계존속과 공동상속하도록 함(안제1003조제1항)다. 직계비속간 상속분의 차등을 없애고 균등하게 상적하며, 배우자의 상속분은 직계비속의 상속분에 5할을 가산하도록 함(안 제1009조제1항·제2항)라. 공동상적인 중에 피상속인의 재산의 유지 또는 증가에 특별히 기여한 자가 있을 때에는 상속개시 당시의 재산가액에서 공동상적인의 협의로 정한 그 자의 기여분을 공제한 것을 상속재산으로 보도록 함(안제1008조의2제1항) 제144회국회(정기회) 제13차 법제사법위원회(1988.12.16)상정·제안설명·검토보고제145회국회(임시회) 제5차 법제사법위원회(1989.2.28)질의·소위원회회부제146회국회(폐회중) 제6차 법제사법위원회(1989.8.29)소위원회중간보고제147회국회(정기회) 제13차 법제사법위원회(1989.12.8)참고인진술·질의제147회국회(정기회) 제16차 법제사법위원회(1989.12.18)소위원회심사보고·질의·의결제147회국회(정기회) 제18차 본회의(1989.12.19)보고  ",법제사법위원회,"['김장숙', '도영심', '박영숙', '신영순', '양경자', '이윤자', '권헌성', '김광일', '김길곤', '김남', '김덕규', '김덕룡', '김동인', '김득수', '김명섭', '김봉욱', '김봉조', '김성룡', '김영도', '김영배', '김영진', '김인기', '김인영', '김정길', '김정수', '김종곤', '김종완', '김중위', '김충조', '김태식', '김한규', '나창주', '남재희', '노무현', '류준상', '문동환', '박관용', '박석무', '박승재', '박실', '박우병', '박정수', '박종태', '박찬종', '박태준', '박형오', '백남치', '서경원', '서상목', '서청원', '석준규', '손주항', '손주환', '송두호', '송현섭', '신상우', '신순범', '심정구', '양성우', '오탄', '옥만호', '유기천', '이교성', '이기빈', '이돈만', '이상수', '이상옥', '이상하', '이상회', '이승윤', '이영권', '이원배', '이인제', '이재황', '이정무', '이찬구', '이철', '이철용', '이해찬', '이행구', '이협', '이형배', '임춘원', '장석화', '전용원', '정균환', '정기영', '정대철', '정몽준', '정상용', '정순덕', '정웅', '정정훈', '정해남', '조경목', '조세형', '조순승', '조승형', '조영장', '조윤형', '조찬형', '조홍규', '조희철', '채영석', '최기선', '최락도', '최영근', '최운지', '최훈', '한광옥', '허만기', '홍기훈', '홍세기', '홍영기', '황병태', '황철수']",김장숙,민주정의당,여성,6,보수,13
