,의안번호,의안명,제안일자,제안자구분,의결일자,의결결과,제안회기,제안이유,소관위원회,제안자
0,2106048,유아교육법 일부개정법률안,2020-12-02,위원장,,,제21대 (2020~2024) 제382회,"  대안의  최근 텔레그램 N번방 사건 등과 같은 디지털성범죄가 계속 발생하며 이에 연루된 유료회원이 100여명이 넘어가고 공익근무요원, 군인 등 다양한 직종의 사람들이 검거되고 있음. 또한 가해자 중 30% 이상이 미성년자로 밝혀져, 재발 방지를 위해서는 성장기에 올바른 교육이 이루어지도록 학생을 가르치는 교사의 자격 취득을 더욱 엄격히 하여 교사의 도덕성을 제고할 필요가 있음.또한, 자격증은 특정 분야의 직무 수행에 필요한 사항에 대한 자격을 검증하여 상호 간 거래의 신뢰를 형성하는 매개가 되며, 국민의 생명, 재산, 권리ㆍ의무 등과 밀접하게 연관되므로, 자격증의 대여ㆍ알선 행위는 엄격하게 제재하여야 함.그런데 개별법에서 규정하고 있는 자격증의 대여ㆍ알선 행위에 대한 제재 여부 또는 제재 수준이 다양하여 형평성에 대한 논란이 제기되고 있고, 지난 해 국민권익위원회에서도 이에 대한 제재 간 형평성을 제고하고 미비한 제재는 강화할 것을 각 중앙행정기관의 장에게 권고한바, 현행법에서 교원 자격증을 빌려주거나 빌리는 행위 또는 이를 알선하는 행위를 금지하고 해당 행위 시 제재 규정을 마련할 필요가 있음.한편, 「국가공무원법」상 국가공무원의 결격사유에 해당하는 사람은 유치원운영위원회의 위원이 될 수 없도록 하고, 유치원운영위원회의 위원이 그 결격사유에 해당하면 당연히 퇴직하도록 함으로써 유치원운영위원회의 기능을 수행하는 데에 자질이 부족한 사람은 해당 유치원운영위원회의 위원으로 활동할 수 없도록 하려는 것임.대안의  가. 「국가공무원법」상 국가공무원의 결격사유에 해당하는 사람은 유치원운영위원회의 위원이 될 수 없도록 하고, 유치원운영위원회의 위원이 그 결격사유에 해당하면 당연히 퇴직하도록 함(안 제19조의3제3항 및 제4항 신설).나. 대마ㆍ마약ㆍ향정신성의약품 중독자 또는 성범죄 행위로 인해 형 또는 치료감호가 확정된 사람은 교사의 자격을 취득할 수 없도록 함(안 제22조의2 신설).다. 「형법」 제38조에도 불구하고 제22조의2제3호에 해당하는 죄와 다른 죄의 경합범(競合犯)에 대하여 벌금형을 선고하는 경우에는 이를 분리하여 선고하도록 함(안 제22조의3 신설).라. 교원 자격증을 빌려주거나 빌리는 행위 또는 이를 알선하는 행위를 금지하고, 자격증을 빌려주는 자에 대하여 그 자격을 취소하도록 하며, 이를 위반하여 자격증을 빌려주거나 빌린 사람 또는 이를 알선한 사람에 대하여 1년 이하의 징역 또는 1천만원 이하의 벌금에 처하도록 함(안 제22조의4, 안 제22조의5, 안 제33조제1항 및 안 제34조제3항제1호 신설).  ",교육위원회,[]
1,2105942,공중화장실 등에 관한 법률 일부개정법률안,2020-11-30,위원장,2020-12-01 00:00:00,원안가결,제21대 (2020~2024) 제382회,"    및  국민생활 및 기업활동과 밀접하게 관련되어 있는 신고 민원의 처리절차를 법령에서 명확하게 규정함으로써 관련 민원의 투명하고 신속한 처리와 일선 행정기관의 적극행정을 유도하기 위하여, 유료화장실의 설치ㆍ운영신고를 받은 경우 10일 이내에 신고수리 여부를 신고인에게 통지하도록 하고, 그 기간 내에 신고수리 여부나 처리기간의 연장을 통지하지 아니한 경우에는 신고를 수리한 것으로 간주(看做)하는 제도를 도입하려는 것임.또한, 현행법은 영유아용 기저귀교환대 설치에 관한 사항을 대통령령으로 위임하고 있고, 대통령령에서는 공항시설, 도로의 휴게시설 등 사람의 통행이 많아 영유아용 기저귀교환대를 반드시 설치하여야 하는 공중화장실을 규정하고 있음. 하지만 영유아용 기저귀교환대의 구조, 재질 등 규격에 관한 기준은 규정되어 있지 않아 정기점검·수시점검에서 기저귀교환대가 일정 규격에 맞게 설치되어 있는지에 대한 점검은 이루어지지 않고 있어 안전관리를 위한 규격 설정이 필요함.이에 공중화장실 등은 행정안전부령으로 정하는 규격의 영유아용 기저귀교환대를 설치하도록 하여, 영유아를 동반한 사람들이 편리하고 안전하게 기저귀교환대를 이용할 수 있도록 하려는 것임.  ",행정안전위원회,[]
2,2105478,양성평등기본법 일부개정법률안,2020-11-18,의원,,,제21대 (2020~2024) 제382회,    및  현행법은 성폭력？가정폭력？성매매 등을 예방？방지하고 그 피해자를 보호？지원하기 위하여 한국여성인권진흥원을 두고 있음.그런데 불법영상물 삭제지원 등 디지털성범죄 피해자 지원 사업이 한국여성인권진흥원의 업무에 명시되어 있지 않아 디지털성범죄로 피해자를 입은 사람에 대한 적극적 지원이 어렵다는 지적이 있음.이에 한국여성인권진흥원의 업무에 「성폭력방지 및 피해자보호 등에 관한 법률」 제7조의3에 따른 촬영물등의 삭제 지원에 관한 사항을 추가함으로써 디지털성범죄 피해자 지원 업무를 효율적으로 추진할 수 있는 기반을 조성하려는 것임(안 제46조의2제5항제7호 신설).  ,여성가족위원회,"['이병훈(더불어민주당/李炳勳)', '민형배(더불어민주당/閔馨培)', '민홍철(더불어민주당/閔洪喆)', '박완주(더불어민주당/朴完柱)', '신영대(더불어민주당/申榮大)', '신정훈(더불어민주당/辛正勳)', '유정주(더불어민주당/兪訂炷)', '이상헌(더불어민주당/李相憲)', '이장섭(더불어민주당/李將燮)', '전재수(더불어민주당/田載秀)']"
3,2105476,성폭력범죄의 처벌 등에 관한 특례법 일부개정법률안,2020-11-18,의원,,,제21대 (2020~2024) 제382회,"    및  현행법은 카메라 등을 이용하여 성적 욕망 또는 수치심을 유발할 수 있는 사람의 신체를 상대방의 의사에 반하여 촬영하거나 반포한 자 및 성적 욕망 또는 수치심을 유발할 수 있는 촬영물 또는 복제물을 이용하여 사람을 협박한 자를 처벌하고 있음.그런데, 최근에는 성관계 음성을 상대방의 동의 없이 휴대전화나 소형녹음기로 녹음하거나 유포하는 경우가 빈번하게 발생하고 있는바, 이렇게 녹음된 음성파일 등은 불법영상물과 마찬가지로 상대방을 협박하거나 리벤지포르노의 용도로 악용될 수 있으므로, 이를 성폭력범죄로 처벌해야 한다는 지적이 있음.이에 녹음기 등을 이용하여 성적 욕망 또는 수치심을 유발할 수 있는 사람의 음성을 상대방의 의사에 반하여 녹음하거나 반포한 자는 3년 이하의 징역 또는 3천만원 이하의 벌금에 처하고, 영리를 목적으로 정보통신망을 이용하여 음성물을 반포한 자는 5년 이하의 징역에 처하며, 성적 욕망 또는 수치심을 유발할 수 있는 음성물을 이용하여 사람을 협박한 자는 1년 이상의 유기징역에 처함으로써 신종 성폭력범죄에 대응하여 성폭력피해자의 보호를 강화하려는 것임(안 제14조의2 신설 등).  ",법제사법위원회,"['윤주경(국민의힘/尹柱卿)', '강기윤(국민의힘/姜起潤)', '김기현(국민의힘/金起炫)', '김정재(국민의힘/金汀才)', '김희국(국민의힘/金熙國)', '박대수(국민의힘/朴大壽)', '배준영(국민의힘/裵俊英)', '윤두현(국민의힘/尹斗鉉)', '윤창현(국민의힘/尹暢賢)', '주호영(국민의힘/朱豪英)', '최승재(국민의힘/崔承宰)']"
4,2105342,형법 일부개정법률안,2020-11-13,의원,,,제21대 (2020~2024) 제382회,"    및  지난 10월 부산에서는 고가의 드론을 이용하여 고층 아파트 창문을 통해 주민의 성관계 영상을 촬영하는 범죄가 발생하였음. 드론이 사회 전영역으로 급속히 확산되고, 카메라가 소형화되면서도 화질과 줌(zoom) 기능은 향상되는 등 기술발전에 따라 불법촬영 범죄의 유형도 고도화되어 가고 있음. 개인의 사생활의 비밀을 유지하고 사적 공간에서의 평온을 보장받는 것은 현대 사회에서 가장 중요한 기본권 중 하나로서 원치 않는 촬영으로부터 보호될 필요가 있음.그러나 현행 형법은 주거의 평온을 깨뜨리는 범죄유형으로 주거를 직접 침입하거나 수색하는 경우만을 한정하여 처벌하고 있을 뿐 사적인 공간을 무단으로 촬영하는 행위에 대한 처벌규정은 없음. 2014년 이래로 불법촬영 범죄는 매년 5,000건 이상 발생하고 있음에도 「성폭력범죄의 처벌 등에 관한 특례법」에서는 카메라 등 이용 촬영범죄를 성적 욕망 또는 수치심을 유발할 수 있는 신체를 촬영하는 행위에 한정하여 규정하고 있음. 원룸 창문을 통해 무단으로 도촬을 했다고 하더라도 피해자가 옷을 입고 있었다면 위 규정으로 처벌이 쉽지 않음. 즉, 개인의 주거나 숙박시설과 같은 공개되지 않은 사적 장소에 있는 사람을 무단으로 촬영함으로써 사생활을 침해하는 경우는 처벌할 수 있는 법률이 없는 상황임.독일과 프랑스에서도 촬영 대상의 동의나 승낙을 받지 않고 사적 공간을 촬영함으로써 사생활을 침해하는 행위를 처벌하고 있음.이에 카메라 등을 이용하여 사람의 주거 또는 숙박시설 등의 사생활의 비밀이 보호되는 사적인 공간에 있는 타인을 동의없이 촬영한 자는 3년 이하의 징역 또는 3천만원 이하의 벌금에 처하고, 이를 반포ㆍ판매ㆍ임대ㆍ제공 또는 공공연하게 전시ㆍ상영한 자 또한 동일한 형으로 처벌하려는 것임(안 제321조의2 신설).  ",법제사법위원회,"['황보승희(국민의힘/皇甫承希)', '권영세(국민의힘/權寧世)', '김병욱(국민의힘/金炳旭)', '김선교(국민의힘/金善敎)', '김웅(국민의힘/金雄)', '류성걸(국민의힘/柳性杰)', '송석준(국민의힘/宋錫俊)', '유경준(국민의힘/兪京濬)', '이주환(국민의힘/李周桓)', '정동만(국민의힘/鄭東萬)', '허은아(국민의힘/許垠娥)']"
5,2105309,공중화장실 등에 관한 법률 일부개정법률안,2020-11-13,의원,,,제21대 (2020~2024) 제382회,"    및  최근 공중화장실에서 발생하는 범죄가 증가하고 있어 공중화장실 사용자들의 불안감이 커지고 있음.그런데 현행법에는 공중화장실의 시설 유지ㆍ관리에 대한 점검, 낙서ㆍ기물 훼손 등의 행위에 대한 금지 등의 규정은 있으나 범죄 예방과 관련된 규정이 없어 보완이 필요하다는 의견이 있음.이에 현행법에 연 1회로 규정되어 있는 공중화장실등에 대한 정기점검을 2개월마다 한번씩 하도록 하여 점검을 강화하고 카메라나 그와 유사한 기계장치의 설치를 금지하며 범죄로부터 안전한 공중화장실에 대한 인증제를 도입하여 안전한 사회분위기 조성에 이바지하고자 함(안 제14조제2항, 제16조의2, 제20조, 제21조제2항제3호의2 신설 등)  ",행정안전위원회,"['권칠승(더불어민주당/權七勝)', '강선우(더불어민주당/姜仙祐)', '맹성규(더불어민주당/孟聖奎)', '박성준(더불어민주당/朴省俊)', '박정(더불어민주당/朴釘)', '박홍근(더불어민주당/朴洪根)', '오영환(더불어민주당/吳永煥)', '윤건영(더불어민주당/尹建永)', '이형석(더불어민주당/李炯錫)', '장경태(더불어민주당/張耿態)']"
6,2105046,방송통신위원회의 설치 및 운영에 관한 법률 일부개정법률안,2020-11-06,의원,,,제21대 (2020~2024) 제382회,"    및  현행법은 「성폭력범죄의 처벌 등에 관한 특례법」에 따른 불법촬영물로부터 피해자의 권리를 신속히 규제하기 위하여 방송통신심의위원회(이하 “심의위원회”라 함)의 회의를 서면 또는 전자로 의결할 수 있도록 규정하고 있음.이와 같이 성폭력범죄 불법촬영물은 심의위원회의 서면의결을 통해 침해된 권리를 신속히 구제받을 수 있지만, 마약류 정보, 도박 및 사행성 정보 등의 불법정보는 서면의결을 허용하고 있지 아니하여 그 확산으로 인한 피해를 사전에 예방하기 어려운 문제가 있음.특히 코로나바이러스감염증(COVID-19)의 유행으로 민간기업과 공공기관의 업무수행 방식이 전자 또는 서면 등 비대면 방식으로 급격히 전환되고 있는 실정인데, 현행법은 이러한 사항을 반영하지 못하는 문제가 있음.이에 마약류 정보, 도박ㆍ사행성 정보 등 불법정보의 확산으로부터 이용자를 보호하고 감염병의 확산방지를 위하여 필요한 경우에는 서면의결이 가능하도록 함으로써, 불법정보로 인한 피해를 최소화하는 한편 심의위원회의 회의운영을 효율적으로 하려는 것임(안 제22조제4항).  ",과학기술정보방송통신위원회,"['권칠승(더불어민주당/權七勝)', '김성주(더불어민주당/金成柱)', '김회재(더불어민주당/金會在)', '신정훈(더불어민주당/辛正勳)', '양경숙(더불어민주당/梁敬淑)', '이성만(더불어민주당/李成萬)', '이용빈(더불어민주당/李龍彬)', '전혜숙(더불어민주당/全惠淑)', '최종윤(더불어민주당/崔鍾允)', '허종식(더불어민주당/許琮植)']"
7,2105014,성폭력방지 및 피해자보호 등에 관한 법률 일부개정법률안,2020-11-05,의원,,,제21대 (2020~2024) 제382회,"    및  현행법에 따르면 국가는 「성폭력범죄의 처벌 등에 관한 특례법」 제14조에 따른 촬영물 또는 복제물이 정보통신망에 유포되어 피해를 입은 사람에 대하여 촬영물등의 삭제를 위한 지원을 할 수 있도록 하고 있음.그러나 불법촬영물 외에 통신매체를 이용한 음란행위, 불법촬영물 등을 이용한 협박행위 등 디지털성범죄 전반에 대한 피해자 지원이 부족하다는 지적이 있음.이에 국가와 지방자치단체는 디지털성범죄로 피해를 입은 사람에 대하여 피해상담 및 수사지원ㆍ보호시설 연계, 불법촬영물의 삭제 지원 등의 업무를 수행하는 디지털성범죄피해자지원센터를 설치ㆍ운영할 수 있도록 함으로써, 디지털성범죄로 인한 피해자 보호를 강화하려는 것임(안 제18조의2 신설 등).  ",여성가족위원회,"['전용기(더불어민주당/田溶冀)', '강민정(열린민주당/姜旼姃)', '권칠승(더불어민주당/權七勝)', '김원이(더불어민주당/金元二)', '송갑석(더불어민주당/宋甲錫)', '오영환(더불어민주당/吳永煥)', '이장섭(더불어민주당/李將燮)', '이형석(더불어민주당/李炯錫)', '정청래(더불어민주당/鄭淸來)', '한준호(더불어민주당/韓俊鎬)']"
8,2105009,아동·청소년의 성보호에 관한 법률 일부개정법률안,2020-11-05,의원,,,제21대 (2020~2024) 제382회,"    및  최근 텔레그램 N번방 사건 등과 같이 은밀화, 지능화된 디지털성범죄가 빈번히 발생하고 있고, 이를 척결하기 위해서는 기존의 일반적인 수사방법으로는 한계가 있다는 지적이 있음.이에 아동ㆍ청소년성착취물 관련 범죄 등에 대한 신분 비공개 수사의 법적 근거를 마련함으로써, 아동ㆍ청소년을 디지털성범죄로부터 보호하려는 것임(안 제25조의2 신설).  ",여성가족위원회,"['박찬대(더불어민주당/朴贊大)', '김수흥(더불어민주당/金洙興)', '김영배(더불어민주당/金永培)', '문정복(더불어민주당/文貞福)', '서삼석(더불어민주당/徐參錫)', '유동수(더불어민주당/柳東秀)', '윤관석(더불어민주당/尹官石)', '이성만(더불어민주당/李成萬)', '조승래(더불어민주당/趙承來)', '조응천(더불어민주당/趙應天)', '허종식(더불어민주당/許琮植)']"
9,2104812,공중화장실 등에 관한 법률 일부개정법률안,2020-11-02,의원,,,제21대 (2020~2024) 제382회,"    및  현행법은 공중화장실 등의 설치ㆍ관리 기준과 관련하여 주로 이용편의와 위생에 중점을 두고 있음.그러나 최근 공중화장실에서 각종 사건, 사고의 발생 빈도가 높아짐에 따라 안전관리가 중요한 쟁점으로 논의되고 있어 공중화장실 범죄 예방과 이용자 보호에 효과적인 대책 마련이 필요하다는 의견이 있음.이에 공중화장실 등에 대한 관리의 범위를 넓히고, 카메라나 그와 유사한 기계장치의 설치 금지 및 비상벨 설치 등을 규정함으로써 공중화장실 등에서의 범죄 및 사고를 방지하고, 공중화장실을 안심하고 이용할 수 있게 하려는 것임(안 제1조, 제4조, 제7조, 제8조, 제12조, 제14조, 제16조, 제20조 및 제21조 등).  ",행정안전위원회,"['신영대(더불어민주당/申榮大)', '김수흥(더불어민주당/金洙興)', '김정호(더불어민주당/金禎鎬)', '서삼석(더불어민주당/徐參錫)', '신정훈(더불어민주당/辛正勳)', '위성곤(더불어민주당/魏聖坤)', '이개호(더불어민주당/李介昊)', '이동주(더불어민주당/李東洲)', '이장섭(더불어민주당/李將燮)', '한병도(더불어민주당/韓秉道)']"
10,2104798,청소년 보호법 일부개정법률안,2020-11-02,의원,,,제21대 (2020~2024) 제382회,    및  현행법은 청소년 보호를 위하여 청소년유해환경의 개선에 필요한 시책을 마련하고 시행할 것을 국가와 지방자치단체의 책무로 규정하고 있음.그러나 최근 디지털기술의 발전과 함께 불특정 다수인이 사용하는 화장실 등에 불법촬영기기를 설치하는 범죄가 사회문제로 대두하면서 특히 청소년들이 많은 시간을 보내는 학교·학원·교습소 등 청소년 밀집시설에 대하여 불법촬영을 방지하기 위한 정기적인 점검이 필요하다는 의견이 있음.이에 국가와 지방자치단체의 책무에 청소년이 이용하는 학교·학원·교습소 등의 시설에 대하여 정기적인 점검을 실시할 수 있도록 규정함으로써 불법촬영으로부터의 청소년 보호를 강화하려는 것임(안 제5조제3항 신설).  ,여성가족위원회,"['조정훈(시대전환/趙廷訓)', '강민정(열린민주당/姜旼姃)', '강은미(정의당/姜恩美)', '김승원(더불어민주당/金勝源)', '류호정(정의당/柳好貞)', '신정훈(더불어민주당/辛正勳)', '양정숙(무소속/梁貞淑)', '이성만(더불어민주당/李成萬)', '이용빈(더불어민주당/李龍彬)', '이장섭(더불어민주당/李將燮)', '정태호(더불어민주당/鄭泰浩)']"
11,2104743,공중화장실 등에 관한 법률 일부개정법률안,2020-10-29,의원,,,제21대 (2020~2024) 제382회,"    및  현행법상 공중화장실 설치기준에 남녀 구분 설치, 여성화장실 변기 수 등이 포함되어 있습니다. 청결기준에 따라 연 1회 정기점검을 실시하는데, 비상벨 설치에 대한 내용이 없습니다.현재 전국 공중화장실 중 17% 정도만 범죄 예방 비상벨이 설치되어 있습니다. 이를 의무화할 수 있도록 근거규정을 만들고 시설 점검을 강화해야 합니다.이에 공중화장실을 설치ㆍ관리하는 자가 비상벨을 설치하고, 시장ㆍ군수ㆍ구청장의 공중화장실 정기점검 횟수를 늘리고자 합니다. 몰래카메라 등의 설치 여부 점검도 포함하고자 합니다. 범죄 및 사고를 방지하고, 시민들이 공중화장실을 안심하고 이용할 수 있게 하기 위함입니다(안 제7조, 제12조 및 제16조).  ",행정안전위원회,"['양경숙(더불어민주당/梁敬淑)', '김승원(더불어민주당/金勝源)', '김주영(더불어민주당/金周暎)', '김홍걸(무소속/金弘傑)', '맹성규(더불어민주당/孟聖奎)', '민형배(더불어민주당/閔馨培)', '이성만(더불어민주당/李成萬)', '이원택(더불어민주당/李源澤)', '이탄희(더불어민주당/李誕熙)', '장철민(더불어민주당/張喆敏)', '정성호(더불어민주당/鄭成湖)', '황운하(더불어민주당/黃雲夏)']"
12,2104582,특정강력범죄의 처벌에 관한 특례법 일부개정법률안,2020-10-20,의원,,,제21대 (2020~2024) 제382회,"    및  이른바 n번방 사건으로 불리는 온라인플랫폼을 이용한 아동？청소년 성착취 사건이 일어나 아동성범죄자에 대한 엄벌을 요구하는 목소리가 높음에도, 현행법은 성범죄 중 강간상해？치상이나 강간살인？치사와 같이 중한 결과가 발생한 경우 및 흉기를 휴대하거나 2인 이상이 합동하는 등 수법이 잔인한 경우 등에 대해서만 특정강력범죄로 규정하고 있음.온라인플랫폼을 통한 성착취물 관련 범죄는 제작물의 대량유통으로 불법적인 범죄수익을 발생시키는 것은 물론, 미성년자에 대한 학대, 약취, 유인, 인신매매 등 더 큰 범죄로 이어질 가능성이 있어 피해자에게 직접적인 위해를 가하는 성폭력범죄보다 더 중한 범죄라고 할 수 있음.이에 「성폭력범죄의 처벌 등에 관한 특례법」에 따른 통신매체를 이용한 음란행위의 죄, 카메라 등을 이용한 촬영의 죄, 허위영상물 등의 반포의 죄, 촬영물 등을 이용한 협박·강요의 죄 및 「아동·청소년의 성보호에 관한 법률」에 따른 아동·청소년성착취물의 제작·배포 등의 죄, 아동·청소년 매매행위의 죄, 아동·청소년에 대한 강요행위 등의 죄 등을 특정강력범죄에 포함시켜 해당 범죄에 대한 경각심을 주는 한편, 「형법」 중 강간과 추행의 죄를 범하여 한 번 이상 실형을 선고받고 또 다시 강간과 추행의 죄를 범한 경우도 특정강력범죄로 규정하여 특정강력범죄로 인정되는 성범죄를 확대하려는 것임(안 제2조제1항).  ",법제사법위원회,"['추경호(국민의힘/秋慶鎬)', '권영세(국민의힘/權寧世)', '김병욱(국민의힘/金炳旭)', '김영식(국민의힘/金英植)', '김용판(국민의힘/金用判)', '박성중(국민의힘/朴成重)', '박수영(국민의힘/朴洙瑩)', '서일준(국민의힘/徐一俊)', '송언석(국민의힘/宋彦錫)', '유경준(국민의힘/兪京濬)', '이명수(국민의힘/李明洙)', '이영(국민의힘/李永)', '이종배(국민의힘/李鍾培)', '임이자(국민의힘/林利子)', '조명희(국민의힘/曺明姬)', '허은아(국민의힘/許垠娥)']"
13,2104568,범죄수익은닉의 규제 및 처벌 등에 관한 법률 일부개정법률안,2020-10-19,의원,,,제21대 (2020~2024) 제382회,"    및  최근 사회적으로 문제되고 있는 N번방 범죄, 즉 디지털 성폭력 범죄에 대한 경각심이 커진 이후 「성폭력범죄의 처벌 등에 관한 특례법」에 따른 카메라등촬영죄 및 허위영상물등의반포죄 등 온라인으로 성적 영상물을 거래·유포하는 범행에 대해서는 법률에 따른 ‘중대범죄’에 포함되었음.그러나 「성폭력범죄의 처벌 등에 관한 특례법」에 따른 촬영물 등을 이용한 협박·강요 범죄의 경우에는 법률에 따른 ‘중대범죄’에 포함되어 있지 않은 실정임.이에 촬영물 또는 복제물을 이용하여 사람을 협박하여 범죄수익을 발생시킨 범행에 대해서도 법률에 따른 ‘중대범죄’에 포함시켜 범죄수익에 관한 입증책임을 완화함으로써 범죄수익의 보다 원활한 환수에 기여하려는 것임(안 별표 제47호 신설).  ",법제사법위원회,"['박홍근(더불어민주당/朴洪根)', '강선우(더불어민주당/姜仙祐)', '김수흥(더불어민주당/金洙興)', '김정호(더불어민주당/金禎鎬)', '김주영(더불어민주당/金周暎)', '백혜련(더불어민주당/白惠蓮)', '양향자(더불어민주당/梁香子)', '우원식(더불어민주당/禹元植)', '이수진(더불어민주당/李壽珍)', '정일영(더불어민주당/鄭日永)', '조승래(더불어민주당/趙承來)']"
14,2103932,공중화장실 등에 관한 법률 일부개정법률안,2020-09-16,의원,,,제21대 (2020~2024) 제382회,"   현행법은 공중화장실이 유지ㆍ관리되고 있는가를 확인하기 위해 연 1회의 정기점검과 필요 시 수시점검하도록 되어 있음. 또한, 공중화장실 내에서 발생하는 강력범죄 또는 긴급 상황에 즉각 대응하기 위해 일부 지방자치단체에서는 조례를 제정하여 화장실 내부에 비상벨을 설치하고 있음.하지만 늘어나는 몰래카메라 및 강력범죄를 예방하기 위해서는 연 1회의 정기점검과 필요 시 수시점검으로는 한계가 있음. 또한, 공중화장실의 비상벨 설치에 관해서 지방자치단체의 예산이 부족하여 비상벨 설치를 지원하지 못하고 있고 설치 후에도 관리 예산 부족으로 실질적인 관리가 제대로 되지 않고 있는 상태임.이에 공중화장실에 대한 점검 목적에 범죄 예방 위함을 추가하고 정기 점검 횟수를 연 2회 이상으로 확대하려 함. 또한, 공중 화장실의 비상벨 설치를 의무화하고 국가 및 지방자치단체는 설치 및 관리에 대한 비용을 보조할 수 있도록 규정하여 공중화장실의 범죄 및 긴급상황을 예방하려는 것임(안 제7조제4항 신설 등).  ",행정안전위원회,"['이종성(국민의힘/李鍾成)', '권명호(국민의힘/權明浩)', '권성동(국민의힘/權性東)', '김성원(국민의힘/金成願)', '김예지(국민의힘/金睿智)', '김용판(국민의힘/金用判)', '윤창현(국민의힘/尹暢賢)', '임이자(국민의힘/林利子)', '정동만(국민의힘/鄭東萬)', '정점식(국민의힘/鄭点植)', '최승재(국민의힘/崔承宰)']"
15,2103806,성폭력범죄의 처벌 등에 관한 특례법 일부개정법률안,2020-09-11,의원,,,제21대 (2020~2024) 제382회,"    및  최근 사람의 신체 이미지가 담긴 영상을 당사자의 의사와 상관없이 재촬영해 유포함으로써 피해가 발생하였음. 그러나 현행법은 다른 사람의 ‘신체’를 촬영한 경우를 처벌하고 있을 뿐이고, 재촬영 및 재촬영물 유포행위에 대하여는 처벌 조항을 두고 있지 않음.대법원은 위 조항의 해석상 촬영 대상이 사람의 신체가 아니라 그 신체의 이미지가 담긴 영상인 경우에는 처벌되지 않는다고 판단하였음. 그러나 피해자의 입장에서는 자신의 신체를 직접 촬영하여 유포하는 행위와 그 촬영물을 다시 재촬영하여 유포하는 행위 간 피해의 정도에 차이가 없으므로 처벌 필요성이 있음.이에 성적 수치심을 유발할 수 있는 다른 사람의 신체를 촬영하거나 이를 반포하는 행위뿐만 아니라 거울 등 다른 물체에 반사된 신체 이미지 또는 모니터 등에 표시되는 신체 이미지를 다시 촬영하여 이를 반포하는 행위를 처벌함으로써 카메라 등을 이용한 재촬영 및 반포 행위를 엄중히 처벌하려는 것임(안 제14조제1항 및 제2항).  ",법제사법위원회,"['정희용(국민의힘/鄭熙溶)', '김영식(국민의힘/金英植)', '김예지(국민의힘/金睿智)', '김희곤(국민의힘/金熙坤)', '박성중(국민의힘/朴成重)', '서일준(국민의힘/徐一俊)', '송언석(국민의힘/宋彦錫)', '최춘식(국민의힘/崔春植)', '추경호(국민의힘/秋慶鎬)', '태영호(국민의힘/太永浩)', '허은아(국민의힘/許垠娥)']"
16,2103734,성폭력범죄의 처벌 등에 관한 특례법 일부개정법률안,2020-09-10,의원,,,제21대 (2020~2024) 제382회,"    및  현행법은 성적 수치심을 유발할 수 있는 불법촬영물 등을 반포·판매·임대·제공 또는 공공연하게 전시·상영하는 경우에 이를 처벌하도록 하고 있음.그런데 불법촬영물 등의 수요확대, 나아가 산업화를 방지하기 위해서는 이에 대한 광고·소개를 원천적으로 차단할 필요가 있음. 이와 관련하여 「아동·청소년의 성보호에 관한 법률」에서는 청소년성착취물에 대한 광고·소개 행위까지 처벌하도록 하고 있음.이에 현행법의 처벌대상이 되는 “반포등”의 행위에 불법촬영물 배포 등 목적의 광고·소개 행위를 포함하여, 불법촬영물 등에 대한 수요 확대를 미연에 방지하려는 것임(안 제14조제2항).  ",법제사법위원회,"['양정숙(무소속/梁貞淑)', '강민정(열린민주당/姜旼姃)', '김민철(더불어민주당/金敏徹)', '김수흥(더불어민주당/金洙興)', '김영호(더불어민주당/金映豪)', '김철민(더불어민주당/金哲玟)', '남인순(더불어민주당/南仁順)', '박재호(더불어민주당/朴在昊)', '안민석(더불어민주당/安敏錫)', '윤미향(더불어민주당/尹美香)', '이장섭(더불어민주당/李將燮)']"
17,2103403,가정폭력범죄의 처벌 등에 관한 특례법 일부개정법률안,2020-09-01,의원,2020-09-24 00:00:00,대안반영폐기,제21대 (2020~2024) 제382회,"   현행법은 가족폭력의 심각성을 가정 내 문제로 치부하여 방치하지 않고 사회가 적극적으로 개입함으로써 건강한 가정 육성 및 가정의 평화와 안정 회복을 도모하기 위하여 도입되었음.하지만 2018년 가정폭력 발생건수는 24만 8,660건으로, 하루에 681건의 가정폭력신고가 이어지고 있고, 이는 3년 전인 2015년의 22만 7,630건보다 2만 1,030건 증가하는 등 가정폭력을 근절하기 위한 특단의 대책이 필요하다는 지적이 계속되고 있음.이에 가정폭력범죄의 범위를 확대하고, 경찰관의 응급조치 유형에 「형사소송법」에 따른 현행범 체포를 규정함으로써 즉각적인 피해자와 가해자의 분리가 이루어지도록 하며, 가정구성원도 임시조치 및 긴급임시조치를 청구할 수 있도록 하고, 그에 따른 조치결과를 피해자 또는 가정구성원에게 즉시 통보하도록 하며, 상담조건부 기소유예제를 폐지함.아울러 피해자보호명령에 피해자 또는 가정구성원에 대한 면접교섭권 행사를 제한하고, 피해자보호명령의 처분기간 및 총 처분기간을 연장하여 제도의 실효성을 높이려는 것임.한편, 임시조치 등을 불이행하는 경우 현행법은 과태료를 부과하도록 규정하고 있으나 이를 징역 또는 벌금의 형사처벌을 부과하여 제재 수단을 강화하고, 현행 보호관찰 처분을 받을 시에만 이루어지던 것을 확대하여 가정폭력범죄로 유죄판결을 선고받은 사람에 대해서도 재범예방에 필요한 수강명령 또는 가정폭력 치료프로그램 이수명령을 병과할 수 있도록 하여 재범 방지가 효과적으로 이루어지도록 하려는 것임. 가. 가정폭력범죄에 주거침입·퇴거불응죄 및 불법촬영 등을 추가함(안 제2조제3호).나. 가정폭력범죄에 대한 응급조치 유형에 현행범 체포를 신설함(안 제5조제1호 신설).다. 가정폭력범죄를 범한 사람에 대해서도 재범 예방에 필요한 수강명령 또는 가정폭력 치료프로그램의 이수명령을 병과할 수 있도록 함(안 제6조의2 신설).라. 가정구성원도 임시조치 및 긴급임시조치를 청구할 수 있도록 하고, 그에 따른 조치결과를 피해자 또는 가정구성원에게 즉시 통보하도록 함(안 제8조, 제8조의2 및 제8조의3).마. 상담조건부 기소유예제를 폐지함(제9조의2 삭제).바. 피해자보호명령에 피해자 또는 가정구성원에 대한 면접교섭권 행사를 제한하고, 피해자보호명령의 처분기간 및 총 처분기간을 연장함(안 제55조의2 및 제55조의3).사. 정당한 사유 없이 임시조치 등을 불이행하는 경우 2년 이하의 징역 또는 2천만원 이하의 벌금에 처하도록 하고, 정당한 사유 없이 긴급임시조치를 이행하지 않은 경우 1년 이하의 징역 또는 1천만원 이하의 벌금에 처하도록 함(안 제63조의2 신설).  ",법제사법위원회,"['서영석(더불어민주당/徐暎錫)', '강선우(더불어민주당/姜仙祐)', '권칠승(더불어민주당/權七勝)', '김경만(더불어민주당/金京萬)', '김경협(더불어민주당/金炅俠)', '김원이(더불어민주당/金元二)', '문진석(더불어민주당/文振碩)', '민병덕(더불어민주당/閔炳德)', '설훈(더불어민주당/薛勳)', '오영환(더불어민주당/吳永煥)', '이정문(더불어민주당/李楨文)', '이해식(더불어민주당/李海植)', '정춘숙(더불어민주당/鄭春淑)']"
18,2103266,성폭력범죄의 처벌 등에 관한 특례법 일부개정법률안,2020-08-25,의원,2020-09-11 00:00:00,철회,제21대 (2020~2024) 제381회,"    및  최근 사람의 신체 이미지가 담긴 영상을 당사자의 의사와 상관없이 재촬영해 유포함으로써 피해가 발생하였음. 그러나 현행법은 다른 사람의 ‘신체’를 촬영한 경우를 처벌하고 있을 뿐이고, 재촬영 및 재촬영물 유포행위에 대하여는 처벌 조항을 두고 있지 않음.대법원은 위 조항의 해석상 촬영 대상이 사람의 신체가 아니라 그 신체의 이미지가 담긴 영상인 경우에는 처벌되지 않는다고 판단하였음. 그러나 피해자의 입장에서는 자신의 신체를 직접 촬영하여 유포하는 행위와 그 촬영물을 다시 재촬영하여 유포하는 행위 간 피해의 정도에 차이가 없으므로 처벌 필요성이 있음.이에 성적 수치심을 유발할 수 있는 다른 사람의 신체를 촬영하거나 이를 반포하는 행위뿐만 아니라 거울 등 다른 물체에 반사된 신체 이미지 또는 모니터 등에 표시되는 신체 이미지를 다시 촬영하여 이를 반포하는 행위를 처벌함으로써 카메라 등을 이용한 재촬영 및 반포 행위를 엄중히 처벌하려는 것임(안 제14조제1항 및 제2항).  ",법제사법위원회,"['정성호(더불어민주당/鄭成湖)', '김두관(더불어민주당/金斗官)', '김수흥(더불어민주당/金洙興)', '박용진(더불어민주당/朴用鎭)', '박찬대(더불어민주당/朴贊大)', '서영석(더불어민주당/徐暎錫)', '양향자(더불어민주당/梁香子)', '이상직(무소속/李相稷)', '정일영(더불어민주당/鄭日永)', '황운하(더불어민주당/黃雲夏)']"
19,2103173,성폭력범죄의 처벌 등에 관한 특례법 일부개정법률안,2020-08-24,의원,,,제21대 (2020~2024) 제381회,"    및  현행법은 통신매체를 이용한 음란행위, 카메라 등을 이용한 촬영, 허위영상물 등의 반포, 촬영물 등을 이용한 협박·강요 등에 있어 성적 욕망 또는 수치심을 일으키는 경우 처벌하도록 규정하고 있음.‘수치’는 ‘다른 사람들을 볼 낯이 없거나 스스로 떳떳하지 못함. 또는 그런 일’을 뜻하는데, 이는 행위자의 잘못된 행위를 전제하고 있음에도 현행법에서 가해자가 아닌 피해자가 느껴야 하는 감정으로 사용됨으로써 성폭력범죄 피해자에게 잘못된 인식을 심어줄 우려가 있음.이에 수치심이라는 용어를 불쾌감으로 변경하고자 함(안 제13조, 제14조, 제14조의2 및 제14조의3).  ",법제사법위원회,"['한정애(더불어민주당/韓貞愛)', '강병원(더불어민주당/姜炳遠)', '강선우(더불어민주당/姜仙祐)', '김경협(더불어민주당/金炅俠)', '김상희(더불어민주당/金相姬)', '김영진(더불어민주당/金榮鎭)', '민홍철(더불어민주당/閔洪喆)', '안규백(더불어민주당/安圭伯)', '윤후덕(더불어민주당/尹厚德)', '이용우(더불어민주당/李龍雨)', '전혜숙(더불어민주당/全惠淑)', '진선미(더불어민주당/陳善美)', '허종식(더불어민주당/許琮植)']"
20,2103126,공중화장실 등에 관한 법률 일부개정법률안,2020-08-21,의원,,,제21대 (2020~2024) 제381회,"    및  현행법은 국민의 위생상의 편의와 복지증진을 위하여 공중화장실 등의 설치·이용 및 위생적 관리에 관한 사항을 규정하고 있음.그런데 공중화장실등의 설치 및 관리기준이 주로 화장실의 위생수준과 이용편의에 관련한 것이어서, 공중화장실 내에서 발생하는 범죄피해를 예방하기 어렵다는 지적이 있음.이에 국가 및 지방자치단체가 국민의 안전한 공중화장실 사용 환경 조성을 위한 시책을 마련하도록 하고, 공중화장실에서 발생하는 범죄를 예방하기 위하여 설치 기준과 점검을 강화하도록 하여 공중화장실을 안심하고 이용할 수 있게 하려는 것임(안 제4조 및 제7조, 제8조 등).  ",행정안전위원회,"['이동주(더불어민주당/李東洲)', '강훈식(더불어민주당/姜勳植)', '김남국(더불어민주당/金南局)', '박영순(더불어민주당/朴英淳)', '박홍근(더불어민주당/朴洪根)', '이규민(더불어민주당/李圭閔)', '이성만(더불어민주당/李成萬)', '이학영(더불어민주당/李學永)', '장경태(더불어민주당/張耿態)', '전용기(더불어민주당/田溶冀)', '정정순(더불어민주당/鄭正淳)', '최기상(더불어민주당/崔基相)', '홍익표(더불어민주당/洪翼杓)', '황운하(더불어민주당/黃雲夏)']"
21,2102762,성폭력범죄의 처벌 등에 관한 특례법 일부개정법률안,2020-08-06,의원,,,제21대 (2020~2024) 제380회,"    및  현행법은 성폭력범죄 피해자를 배려하기 위해 조사 및 심리·재판 횟수를 필요한 범위에서 최소한으로 하도록 하고, 피해자의 사생활 보호 등 필요한 경우 법원이 재판 또는 증인신문을 비공개결정을 할 수 있도록 함.그런데 현행법에 따라 재판이 비공개되더라도 불법촬영물이 증거로 채택되어 가족 등 여러 사람에게 공개되면 피해자에게 추가적인 고통을 줄 수 있음. 증인신문과 같이 증거물 또한 피해자와 그 가족이 비공개를 신청할 필요가 있으나, 이에 대한 규정이 미비한 상황임.이에 피해자와 그 가족이 증거물의 비공개를 신청하고, 재판장은 법정 외의 장소에서 증거물을 열람하도록 하려는 것임(안 제31조).  ",법제사법위원회,"['권인숙(더불어민주당/權仁淑)', '김진애(열린민주당/金鎭愛)', '송옥주(더불어민주당/宋玉珠)', '신동근(더불어민주당/申東根)', '오영환(더불어민주당/吳永煥)', '용혜인(기본소득당/龍慧仁)', '윤미향(더불어민주당/尹美香)', '윤후덕(더불어민주당/尹厚德)', '이수진(더불어민주당/李壽珍)', '이수진(더불어민주당/李秀眞)', '이장섭(더불어민주당/李將燮)']"
22,2102760,성폭력방지 및 피해자보호 등에 관한 법률 일부개정법률안,2020-08-06,의원,,,제21대 (2020~2024) 제380회,"    및  현행법은 「성폭력범죄의 처벌 등에 관한 특례법」에 따른 카메라 등을 이용한 촬영물 등이 정보통신망에 유포되어 피해를 입은 사람에 대하여, 그 피해대상자, 배우자, 직계친족 또는 형제자매의 요청에 따라 국가가 촬영물 등의 삭제를 위한 지원을 할 수 있도록 하고 있음.그런데 피해대상자 본인이 삭제지원을 요청하기 어렵고 가족에게 알리기를 원하지 아니하는 경우에는 삭제지원을 요청하기가 어려우며, 카메라 등을 이용한 촬영물 외에 딥페이크(deepfake) 기술을 이용한 허위영상물이나 아동ㆍ청소년성착취물 등 불법정보 전반에 대한 피해가 급증하고 있어 이에 대한 대책이 마련될 필요가 있음.이에 가족 이외에 피해대상자의 대리인도 촬영물 등의 삭제 지원을 요청할 수 있도록 하고, 필요한 경우 삭제 지원 요청 없이도 국가가 삭제할 수 있는 근거를 마련하며, 허위영상물 등 일체의 불법정보의 피해에 대해서 삭제 지원을 할 수 있도록 하려는 것임(안 제7조의3제1항 및 제2항).  ",여성가족위원회,"['김태흠(국민의힘/金泰欽)', '구자근(국민의힘/具滋根)', '김도읍(국민의힘/金度邑)', '박덕흠(국민의힘/朴德欽)', '서일준(국민의힘/徐一俊)', '성일종(국민의힘/成一鍾)', '이명수(국민의힘/李明洙)', '정희용(국민의힘/鄭熙溶)', '최승재(국민의힘/崔承宰)', '홍문표(국민의힘/洪文杓)']"
23,2102460,형사소송법 일부개정법률안,2020-07-28,의원,,,제21대 (2020~2024) 제380회,"    및  현행법은 사람을 살해한 범죄로 사형을 선고받은 경우 그 죄질, 처벌의 필요성, 범죄예방 등을 고려하여 공소시효의 적용을 배제하고 있음. 또한 최근 디지털성범죄나 다양한 수법의 성범죄가 만연함에 따라 개별법에서 13세 미만의 사람에 대한 성폭력범죄에 대한 공소시효의 적용을 배제한 사례가 있음.그런데, 검찰, 경찰, 교정 등 인신구속에 관한 직무를 수생하는 사람이 그 직무를 수행하면서 형사피의자 등에 대하여 고문, 폭행, 그 밖의 가혹행위를 한 경우 공권력에 의한 개인의 권리 침해에 해당하고 공권력에 의한 사실은폐나 증거조작 등의 우려도 있으므로 이 역시 공소시효 적용을 배제할 필요성이 있다는 의견이 제기됨.이에 「형법」 제125조에 대하여 공소시효의 적용을 배제하려는 것임(안 제253조의2).  ",법제사법위원회,"['기동민(더불어민주당/奇東旻)', '강훈식(더불어민주당/姜勳植)', '김병기(더불어민주당/金炳基)', '김원이(더불어민주당/金元二)', '도종환(더불어민주당/都鍾煥)', '박용진(더불어민주당/朴用鎭)', '안민석(더불어민주당/安敏錫)', '이정문(더불어민주당/李楨文)', '임종성(더불어민주당/林鍾聲)', '임호선(더불어민주당/林昊宣)', '최인호(더불어민주당/崔仁昊)', '한준호(더불어민주당/韓俊鎬)']"
24,2102181,공중화장실 등에 관한 법률 일부개정법률안,2020-07-20,의원,2020-12-01 00:00:00,대안반영폐기,제21대 (2020~2024) 제380회,"    및  현행법은 영유아용 기저귀교환대 설치에 관한 사항을 대통령령으로 위임하고 있고, 대통령령에서는 공항시설, 도로의 휴게시설 등 사람의 통행이 많아 영유아용 기저귀교환대를 반드시 설치하여야 하는 공중화장실을 규정하고 있음.하지만 영유아용 기저귀교환대의 구조, 재질 등 규격에 관한 기준은 규정되어 있지 않아 정기점검·수시점검에서 기저귀교환대가 일정 규격에 맞게 설치되어 있는지에 대한 점검은 이루어지지 않고 있어 안전관리를 위한 규격 설정이 필요함.또한 기저귀교환대의 주 이용대상이 면역력이 약한 영유아임에도 불구하고 위생상태가 의심되어 부모들이 실제로 이용하지 않는 등의 문제가 발생하고 있어 이와 관련한 개선이 필요함.이에 공중화장실 등은 행정안전부령으로 정하는 규격의 영유아용 기저귀교환대를 설치하도록 하고, 기저귀교환대의 위생적인 사용을 위하여 일회용 시트를 갖추도록 하여 영유아를 동반한 사람들이 편리하고 안전하게 기저귀교환대를 이용할 수 있도록 하려는 것임(안 제7조의2제2항).  ",행정안전위원회,"['강기윤(미래통합당/姜起潤)', '구자근(미래통합당/具滋根)', '권명호(미래통합당/權明浩)', '김희국(미래통합당/金熙國)', '박성중(미래통합당/朴成重)', '유경준(미래통합당/兪京濬)', '윤영석(미래통합당/尹永碩)', '이철규(미래통합당/李喆圭)', '최형두(미래통합당/崔炯斗)', '태영호(미래통합당/太永浩)']"
25,2102172,전자정부법 일부개정법률안,2020-07-20,의원,,,제21대 (2020~2024) 제380회,"    및  최근 텔레그램 n번방 사건에 가담한 사회복무요원이 행정기관에서 처리하는 개인정보를 유출하여 범죄에 악용한 사실이 밝혀지면서, 행정기관이 보유한 개인정보에 대한 접근 권한을 강화하고 정당한 권한이 없는 자가 개인정보를 취급하지 못하도록 관리·감독이 필요하다는 비판이 제기되었음.현행법은 비공개 대상 행정정보를 누설하거나 권한 없이 처리하는 행위 등을 금지하고 이를 위반한 경우 징역 또는 벌금에 처하도록 규정하고는 있으나, 정보시스템을 통한 행정정보의 취급 실태와 처리 기록을 모니터링하여 개인정보의 유출 및 오·남용이 의심되는 경우 그 사실을 확인하도록 하는 규정은 두고 있지 않음.이에 행정기관 등의 장으로 하여금 정보시스템 및 행정정보의 이용 현황을 주기적으로 확인하고, 행정정보의 이용자가 비공개 정보를 누설하는 등 법률에 따라 금지된 행위를 한 것으로 의심되는 경우 그 사실에 대한 소명을 요구할 수 있도록 함으로써 권한 없는 자의 개인정보 유출로 인하여 발생할 수 있는 피해에 선제적으로 대응하도록 하려는 것임(안 제35조의2 신설, 제78조제1항 등).  ",행정안전위원회,"['김정호(더불어민주당/金禎鎬)', '김경협(더불어민주당/金炅俠)', '김교흥(더불어민주당/金敎興)', '김병욱(더불어민주당/金炳旭)', '박재호(더불어민주당/朴在昊)', '서동용(더불어민주당/徐東榕)', '윤후덕(더불어민주당/尹厚德)', '임종성(더불어민주당/林鍾聲)', '전재수(더불어민주당/田載秀)', '정성호(더불어민주당/鄭成湖)']"
26,2101816,아동·청소년의 성보호에 관한 법률 일부개정법률안,2020-07-13,의원,,,제21대 (2020~2024) 제380회,"   세계 최대 아동ㆍ청소년 성착취물 다크웹 사이트인 ‘웰컴투비디오’와 텔레그램 ‘n번방 사건’과 관련한 아동ㆍ청소년 성착취 범죄로 인해 국민적 공분을 사고 있는 가운데, 해당 범죄에 대한 사전 예방과 피해자 보호 및 양형기준에 대해 문제가 제기되고 있음.「UN아동권리협약」에 따르면 당사국은 모든 형태의 아동을 대상으로 하는 성적 착취 및 학대로부터 아동을 보호하고 해당 행위를 근절하기 위해 모든 적절한 입법적ㆍ행정적 조치를 취하도록 하고 있음.이에 현행법 제13조부터 제16조까지 아동ㆍ청소년의 성을 사는 행위 및 관련 범죄에 대해 벌금형을 삭제하고, 법정형을 상향하고자 함.또한 아동ㆍ청소년대상 성범죄의 신고 의무 기관을 확대하고, 영국, 미국, 호주 등 해외사례를 참고하여 해당 아동ㆍ청소년성착취물 관련 범죄에 대한 수사 지원 및 피해자 보호를 위한 별도 전담기구 설치와 실태조사를 위한 근거 규정을 마련하고자 함. 가. 아동ㆍ청소년의 성을 사는 행위, 아동ㆍ청소년을 사기 위하여 아동ㆍ청소년을 유인하거나 성을 팔도록 권유하는 행위, 아동ㆍ청소년에 대한 강요행위, 아동ㆍ청소년의 성을 사는 행위의 상대방이 되도록 유인ㆍ권유하는 행위, 알선영업행위, 피해자 등에 대한 강요행위 등에 대한 처벌을 강화함(안 제13조부터 제16조까지).나. 아동ㆍ청소년대상 성범죄의 신고 의무 기관을 아동ㆍ청소년대상 성범죄자의 취업제한기관으로 확대함(안 제34조제2항).다. 여성가족부장관은 아동ㆍ청소년성착취물로부터 아동ㆍ청소년을 보호하고, 아동ㆍ청소년성착취물 관련 범죄에 대한 수사를 지원하기 위하여 관계 행정기관, 지방자치단체 및 민간의 전문가 등으로 구성된 전담기구를 둘 수 있도록 함(안 제48조의2 신설).라. 여성가족부장관은 정기적으로 아동ㆍ청소년성착취물과 관련한 범죄 예방과 재발 방지 등을 위하여 아동ㆍ청소년성착취물 관련 범죄에 대한 실태조사를 하여야 함(안 제53조의2 신설).  ",여성가족위원회,"['김진표(더불어민주당/金振杓)', '김승원(더불어민주당/金勝源)', '김종민(더불어민주당/金鐘民)', '안규백(더불어민주당/安圭伯)', '윤영찬(더불어민주당/尹永燦)', '이낙연(더불어민주당/李洛淵)', '장철민(더불어민주당/張喆敏)', '전해철(더불어민주당/全海澈)', '조응천(더불어민주당/趙應天)', '최종윤(더불어민주당/崔鍾允)']"
27,2101733,성폭력방지 및 피해자보호 등에 관한 법률 일부개정법률안,2020-07-09,의원,,,제21대 (2020~2024) 제380회,"    및  현행법은 국가기관, 각급 학교, 공공기관 등에서 의무적으로 성폭력 예방교육 및 필요한 조치를 이행하도록 하고 여성가족부장관으로 하여금 관련 사항을 점검하도록 하고 있음.그럼에도 대학 교수, 조교ㆍ강사, 직원이 연루된 성희롱과 성추행, 성폭력 사고가 매년 증가하고 있고, 일부 교수들은 수업 중 성차별, 성희롱 발언을 하거나 일부 대학생들이 SNS, 단체채팅방에서 불법촬영물을 공유하는 등 현재 고등교육기관에서 이루어지는 성폭력 예방교육 및 조치의 실효성에 대한 지적이 끊임없이 제기되고 있음.또한 각급 학교 등에서 성폭력 예방교육이 의무화되어 있음에도, 2019년 고등교육기관의 폭력예방 교육 현황을 보면 대학생의 교육 참여율은 42.7%로 중학생(98.4%)과 고등학생(96.6%)에 비교하여 현저히 낮고, 대학 고위직의 교육 참여율도 국가ㆍ공직유관단체에 비해 여전히 낮아, 참여율을 실질적으로 높일 수 있는 대책 마련이 요구됨.이에 대학 등의 평가에 성폭력 예방교육 및 성폭력 예방조치에 관한 점검 결과를 반영하도록 요구할 수 있도록 하고, 국가기관등의 장은 성교육 및 성폭력 예방교육의 참여에 관한 사항을 소속 직원 및 종사자에 대한 인사관리에 반영할 수 있도록 함으로써 성폭력 예방조치의 실효성을 강화하려는 것임(안 제5조).  ",여성가족위원회,"['양정숙(무소속/梁貞淑)', '강민정(열린민주당/姜旼姃)', '배진교(정의당/裵晋敎)', '양경숙(더불어민주당/梁敬淑)', '윤관석(더불어민주당/尹官石)', '이상헌(더불어민주당/李相憲)', '이수진(더불어민주당/李壽珍)', '이용빈(더불어민주당/李龍彬)', '이해식(더불어민주당/李海植)', '임종성(더불어민주당/林鍾聲)', '전용기(더불어민주당/田溶冀)', '한준호(더불어민주당/韓俊鎬)']"
28,2101415,스토킹범죄의 처벌 및 절차 등에 관한 법률안,2020-07-03,의원,,,제21대 (2020~2024) 제379회,"   현행법상 스토킹은「경범죄 처벌법」에 따라 10만원 이하의 벌금, 구류 또는 과료의 형으로 처벌하게 되어 있음. 그러나 스토킹은 폭력 및 살인 등 중범죄로 이어질 가능성이 높고, 최근 n번방 사건에서 보여주듯이 지능화·조직화된 디지털 스토킹 수법까지 등장하여 실질적인 대응에 한계가 있음. 또한, 스토킹피해자 보호 등을 위한 효과적인 장치도 부족한 실정임.이에 구체적인 행위를 스토킹으로 규정하여 처벌을 강화하고, 스토킹 예방을 위한 정부지원, 피해자에 대한 잠정조치, 신변안전조치, 피해자보호명령 등을 마련함으로써 범죄 발생 초기 단계에서부터 피해자를 보호하고, 스토킹범죄에 보다 효과적으로 대응하여 건강한 사회질서를 확립하려는 것임. 가. 이 법은 스토킹범죄의 예방과 처벌 및 그 절차에 관한 특례와 스토킹범죄 피해자에 대한 보호절차를 규정함으로써 피해자를 보호하고 건강한 사회질서의 확립에 이바지함을 목적으로 함(안 제1조).나. 스토킹범죄란 피해자의 의사에 반하여 정당한 이유 없이 지속적 또는 반복적으로 피해자에게 접근하거나 따라다니는 행위 등을 하여 불안감 또는 공포심을 일으키는 것을 말함(안 제2조제1호).다. 국가와 지방자치단체는 스토킹범죄의 예방 및 피해자의 보호 지원을 위하여 법적·제도적 장치를 마련하고, 이에 소요되는 예산을 지원할 수 있음(안 제3조).라. 누구든지 스토킹범죄를 알게 된 경우에는 수사기관에 신고할 수 있음(안 제4조).마. 스토킹범죄에 대하여 스토킹범죄 신고를 받은 사법경찰관리는 즉시 현장에 나가서 스토킹행위자에게 스토킹행위를 중단할 것을 통보하는 등 신고 시 조치를 하도록 함(안 제5조).바. 사법경찰관은 스토킹범죄가 재발될 우려가 있고 긴급을 요하는 경우 직권으로 또는 피해자나 그 법정대리인의 신청에 의하여 긴급잠정조치를 할 수 있음(안 제6조).사. 검사는 스토킹범죄가 재발될 우려가 있다고 인정하는 경우 직권으로 또는 사법경찰관의 신청에 의하여 법원에 잠정조치를 청구할 수 있음(안 제7조).아. 판사는 피해자의 보호를 위하여 필요하다고 인정하는 경우 잠정조치의 결정을 할 수 있고(안 제9조), 잠정조치의 결정을 한 경우에는 법원공무원, 사법경찰관리 등으로 하여금 집행하게 할 수 있음(안 제10조).자. 검사 또는 경찰서장은 신고자 또는 피해자의 신청이 있는 경우 일정기간 동안 해당 검찰청이나 경찰서 소속 공무원으로 하여금 신변안전조치를 하게 하거나 관할 경찰서장에게 신변안전조치를 취하도록 요청할 수 있음(안 제17조).차. 판사는 피해자의 보호를 위하여 필요하다고 인정하는 때에는 피해자 또는 그 법정대리인의 청구에 따라 결정으로 행위자에게 피해자보호명령을 할 수 있고(안 제20조), 피해자보호명령의 청구가 있는 경우 피해자의 보호를 위하여 필요하다고 인정하는 경우에는 결정으로 임시보호명령을 할 수 있음(안 제22조).카. 스토킹범죄 전담 검사 및 전담 사법경찰관을 지정하여 피해자를 조사하도록 함(안 제24조).타. 스토킹범죄 전담재판부를 지정하여 스토킹범죄에 대하여 재판하게 함(안 제26조).파. 스토킹범죄를 범한 사람, 형벌과 수강명령 등의 병과, 잠정조치 등의 불이행죄, 불이익처분의 금지 위반죄 등에 대한 벌칙을 규정함(안 제29조부터 제33조까지).  ",법제사법위원회,"['박범계(더불어민주당/朴範界)', '고용진(더불어민주당/高榕禛)', '김남국(더불어민주당/金南局)', '김승원(더불어민주당/金勝源)', '박영순(더불어민주당/朴英淳)', '송갑석(더불어민주당/宋甲錫)', '어기구(더불어민주당/魚基龜)', '이상민(더불어민주당/李相珉)', '이수진(더불어민주당/李秀眞)', '이인영(더불어민주당/李仁榮)', '장경태(더불어민주당/張耿態)', '장철민(더불어민주당/張喆敏)', '한준호(더불어민주당/韓俊鎬)', '홍성국(더불어민주당/洪性國)', '황운하(더불어민주당/黃雲夏)']"
29,2101406,성폭력방지 및 피해자보호 등에 관한 법률 일부개정법률안,2020-07-03,의원,,,제21대 (2020~2024) 제379회,"    및  최근 텔레그램 n번방 사건 등 불법촬영으로 인한 디지털 성범죄 문제가 심각한 사회문제로 대두되고 있으며, 피해자들은 정상적인 생활이 불가능할 정도로 피해의 정도가 매우 극심함. 지난 10년간 카메라 등을 이용한 촬영죄 발생건수는 연 평균 4,600여 건에 이르고 있는 것에 비해 디지털 성폭력 범행의 도구가 될 수 있는 촬영장비의 무분별한 취급에 대한 국가의 관리ㆍ감독은 이루어지지 않고 있는 실정임.따라서 국가와 지방자치단체가 불법촬영 근절을 위하여 적극적으로 나서서 힘써야 한다는 지적이 있음.이에 이 법에 따른 국가와 지방자치단체의 책무로서 불법촬영물 및 그 촬영도구의 유통에 대한 관리ㆍ감독을 명시하고자 함(안 제3조제1항제8호 신설).  ",여성가족위원회,"['김정재(미래통합당/金汀才)', '권은희(국민의당/權垠希)', '김형동(미래통합당/金亨東)', '박대출(미래통합당/朴大出)', '서일준(미래통합당/徐一俊)', '윤두현(미래통합당/尹斗鉉)', '이영(미래통합당/李永)', '이용(미래통합당/李鏞)', '이종배(미래통합당/李鍾培)', '이태규(국민의당/李泰珪)', '한무경(미래통합당/韓茂景)']"
30,2100768,공중화장실 등에 관한 법률 일부개정법률안,2020-06-19,의원,,,제21대 (2020~2024) 제379회,"   현행법은 공중화장실 관리인이 공중화장실과 그 주변을 청결하게 하여야 하고, 시·군·구청장은 공중화장실을 연 1회 정기점검을 하도록 규정하며, 공중화장실을 이용하는 사람은 공중화장실에 낙서 등을 하는 행위를 금지하고 있음.그런데 공중화장실에 몰래카메라의 설치를 금지하는 명시적인 규정이 없어 몰래카메라로 인한 범죄가 증가함에 따라 심각한 사회문제가 되고 있으므로 공중화장실의 정기점검을 강화하고 공중화장실에서 사생활 보호를 준수해야할 필요성이 제기되고 있음.이에 공중화장실에 몰래카메라 설치를 금지하고 정기점검을 강화함으로써 공중화장실에서 사생활을 보호함과 동시에 몰래카메라 범죄를 사전에 방지하려는 것임. 가. 공중화장실 관리인은 공중화장실과 그 주변의 청결뿐만 아니라 공중화장실에서의 사생활 보호를 준수하도록 함(안 제8조제2항).나. 시장·군수·구청장의 공중화장실 정기점검 의무를 연 1회에서 연 4회로 강화함(안 제12조).다. 공중화장실등에 몰래카메라 설치를 금지하고, 이를 위반한 경우 1년 이하의 징역 또는 1천만원 이하의 벌금에 처하도록 함(안 제14조제2항 및 제20조 신설).  ",행정안전위원회,"['송옥주(더불어민주당/宋玉珠)', '권인숙(더불어민주당/權仁淑)', '박용진(더불어민주당/朴用鎭)', '박정(더불어민주당/朴釘)', '박찬대(더불어민주당/朴贊大)', '서삼석(더불어민주당/徐參錫)', '안호영(더불어민주당/安浩永)', '유동수(더불어민주당/柳東秀)', '임종성(더불어민주당/林鍾聲)', '정춘숙(더불어민주당/鄭春淑)']"
31,2100726,성폭력범죄의 처벌 등에 관한 특례법 일부개정법률안,2020-06-19,의원,,,제21대 (2020~2024) 제379회,"   현행법은 카메라를 이용하여 성적 욕망을 유발할 수 있는 다른 사람의 신체를 그 의사에 반하여 촬영하거나 그 촬영물(이하 “카메라이용촬영물”이라 한다)을 반포·판매·임대·제공 또는 공공연하게 전시·상영한 자를 처벌할 뿐이고, 온라인서비스제공자에게 음란물 삭제의무를 부여하고 이를 이행하지 않을 경우 형벌을 부과하는「아동·청소년의 성보호에 관한 법률」 과 달리 온라인서비스제공자에게는 어떠한 의무도 부과하지 않고 있음.그런데 카메라이용촬영물은 정보통신망을 통하여 빠르게 전파되는 특성이 있으며 특히 P2P나 웹하드 사이트를 통하여 이용자들 사이에서 손쉽게 공유될 수 있는 데 반하여, 일단 업로드가 완료되면 전파된 촬영물을 삭제하는 데는 많은 노력과 시간이 소요되고 그 과정에서 피해자는 지속적으로 피해에 시달리게 되는 문제가 있음. 카메라이용촬영물이 유통되는 사이트를 운영하는 온라인서비스제공자에게 그 전송을 방지할 의무를 부과하고 촬영대상자로부터 삭제 요청을 받았을 때에 반드시 응하도록 하며 이에 응하지 않을 경우에는 형벌을 부과함으로써, 카메라이용촬영물의 전파를 방관하여 성폭력범죄로 인한 피해를 양산하는 온라인서비스제공자에게도 책임을 부과하고 피해자를 추가적인 피해로부터 보호하려는 것임(안 제2조제3항, 제14조의4 신설 등).  ",법제사법위원회,"['송옥주(더불어민주당/宋玉珠)', '김영주(더불어민주당/金榮珠)', '박용진(더불어민주당/朴用鎭)', '박정(더불어민주당/朴釘)', '박찬대(더불어민주당/朴贊大)', '안호영(더불어민주당/安浩永)', '유동수(더불어민주당/柳東秀)', '이성만(더불어민주당/李成萬)', '임종성(더불어민주당/林鍾聲)', '정춘숙(더불어민주당/鄭春淑)', '한정애(더불어민주당/韓貞愛)']"
32,2100567,아동·청소년의 성보호에 관한 법률 일부개정법률안,2020-06-16,의원,,,제21대 (2020~2024) 제379회,"    및  최근 미성년자를 포함한 여성에게 성적 행위를 하는 영상물을 촬영하도록 협박하고, 그 영상물을 메신저 프로그램인 텔레그램에서 수만 명 규모의 가입자를 대상으로 판매·유포한 범죄가 발생한 바 있으며, 이에 대하여 제작·판매자뿐만 아니라, 불법촬영물을 시청한 가입자 등에 대해서도 처벌하여야 한다는 국민적 요구가 커지고 있음.그런데 현행법상 아동ㆍ청소년성착취물 관련 범죄는 제작ㆍ배포ㆍ전시ㆍ공연ㆍ소지 등의 경우에만 처벌하도록 하고 있어, 아동ㆍ청소년성착취물을 시청한 자에 대해서는 처벌하기 곤란한 측면이 있음. 또한 아동ㆍ청소년성착취물을 직접 제작하지 아니하였더라도, 협박 등 강요행위를 통하여 아동ㆍ청소년성착취물을 제작하게 한 자에 대해서는 보다 강하게 처벌할 필요가 있음.이에 아동ㆍ청소년성착취물임을 알면서 시청을 목적으로 아동ㆍ청소년성착취물에 접근한 자에 대하여 1년 이하의 징역 또는 2천만원 이하의 벌금에 처하도록 하고, 폭행이나 협박으로 아동·청소년으로 하여금 아동·청소년성착취물을 제작하게 한 자에 대하여 5년 이상의 유기징역에 처하도록 함으로써, 아동·청소년성착취물 범죄에 대한 처벌을 강화하려는 것임(안 제11조제5항 및 안 제14조제1항제1호의2 신설).  ",여성가족위원회,"['박용진(더불어민주당/朴用鎭)', '기동민(더불어민주당/奇東旻)', '민병덕(더불어민주당/閔炳德)', '박정(더불어민주당/朴釘)', '용혜인(기본소득당/龍慧仁)', '이소영(더불어민주당/李素永)', '이학영(더불어민주당/李學永)', '전용기(더불어민주당/田溶冀)', '정성호(더불어민주당/鄭成湖)', '정춘숙(더불어민주당/鄭春淑)']"
33,2100490,범죄수익은닉의 규제 및 처벌 등에 관한 법률 일부개정법률안,2020-06-15,의원,,,제21대 (2020~2024) 제379회,"    및  「형법」에 따르면 몰수는 타형에 부가하여 과하는 부가형으로, 선고유예와 같이 행위자에게 유죄의 재판을 하지 않으면서 몰수를 선고할 수 있는 예외를 제외하면 피고인에게 주형(主刑)을 선고하는 경우에만 몰수를 할 수 있음.그런데 최근 문제가 된 소위 ‘n번방’ 사건의 경우 SNS를 이용하여 온라인으로 불법 촬영물을 유포하는 범죄의 특성상 불특정 다수의 가해자를 일일이 특정하는 것이 어려울 가능성이 있고, 최근 관련자들이 수사 전에 스스로 목숨을 끊는 사례도 발생하고 있어, 행위자의 사망이나 불특정 등으로 공소를 제기할 수 없는 경우에도 관련 범죄수익을 환수하여야 한다는 지적이 있음.그러므로 중대범죄로 인한 범죄수익등에 관하여는 「형법」 제49조에도 불구하고 법원이 독립하여 몰수를 선고할 수 있도록 법적 근거를 마련하려는 것임(안 제10조의2 신설).  ",법제사법위원회,"['윤호중(더불어민주당/尹昊重)', '강선우(더불어민주당/姜仙祐)', '강훈식(더불어민주당/姜勳植)', '권칠승(더불어민주당/權七勝)', '김민석(더불어민주당/金民錫)', '김수흥(더불어민주당/金洙興)', '김영배(더불어민주당/金永培)', '박홍근(더불어민주당/朴洪根)', '서삼석(더불어민주당/徐參錫)', '신동근(더불어민주당/申東根)', '윤관석(더불어민주당/尹官石)', '임종성(더불어민주당/林鍾聲)', '정성호(더불어민주당/鄭成湖)', '조오섭(더불어민주당/曺五燮)', '홍익표(더불어민주당/洪翼杓)']"
34,2100358,전기통신사업법 일부개정법률안,2020-06-11,의원,,,제21대 (2020~2024) 제379회,    및  텔레그램 성착취 사건은 정보통신망을 이용하여 아동ㆍ청소년에게 접근해 성적 유인ㆍ권유 행위(일명 ‘온라인 그루밍’)를 통해 아동ㆍ청소년대상 성범죄를 저지르는 등 온라인 기반의 아동ㆍ청소년 성착취가 문제가 되었음.현행법은 부가통신사업자로 하여금 「성폭력범죄의 처벌 등에 관한 특례법」 제14조에 따른 촬영물과 「아동·청소년의 성보호에 관한 법률」에 따른 아동·청소년성착취물에 대한 삭제·접속차단 등 유통방지 조치 및 기술적·관리적 조치 의무를 부과하고 있음.이에 부가통신사업자의 불법촬영물등 유통방지 조치 대상에 「아동·소년의 성보호에 관한 법률」제2조제4호의2에 따른 아동·청소년대상 성적 유인·권유행위에 관한 정보를 포함하도록 개정하고자 함(안 제22조의5제1항제3호 신설). 이 법률안은 권인숙의원이 대표발의한 「아동·청소년의 성보호에 관한 법률 일부개정법률안」(의안번호 제 357호)의 의결을 전제로 하는 것이므로 같은 법률안이 의결되지 아니하거나 수정 의결되는 경우에는 이에 맞추어 조정되어야 할 것임.  ,과학기술정보방송통신위원회,"['서삼석(더불어민주당/徐參錫)', '김승남(더불어민주당/金承南)', '김정호(더불어민주당/金禎鎬)', '박정(더불어민주당/朴釘)', '송갑석(더불어민주당/宋甲錫)', '윤후덕(더불어민주당/尹厚德)', '이개호(더불어민주당/李介昊)', '이병훈(더불어민주당/李炳勳)', '이용선(더불어민주당/李庸瑄)', '이해식(더불어민주당/李海植)', '장경태(더불어민주당/張耿態)', '조오섭(더불어민주당/曺五燮)']"
35,2100248,유아교육법 일부개정법률안,2020-06-08,의원,2020-12-02 00:00:00,대안반영폐기,제21대 (2020~2024) 제379회,"    및  최근 텔레그램 N번방 사건 등과 같은 디지털성범죄가 계속 발생하며 이에 연루된 유료회원이 100여명이 넘어가고 공익근무요원, 군인 등 다양한 직종의 사람들이 검거되고 있음. 또한 가해자 중 30% 이상이 미성년자로 밝혀지고 있고, 재발 방지를 위해서는 성장기에 올바른 교육이 중요하다는 점에서 학생을 가르치는 교원의 자격은 더욱 엄격해야 할 것임.이에 성범죄로 인한 처벌 받은 사람 또는 대마ㆍ마약ㆍ향정신성의약품 중독자의 경우 교원 자격 취득을 제한하여 교원 임용뿐만 아니라 교원 자격을 이용한 관련 분야 취업 등에 이용하지 못하도록 하여 교원의 도덕성을 제고하고자 함(안 제22조의2 및 제22조의3 신설).  ",교육위원회,"['서영교(더불어민주당/徐瑛敎)', '고영인(더불어민주당/高永寅)', '김병기(더불어민주당/金炳基)', '김승남(더불어민주당/金承南)', '김철민(더불어민주당/金哲玟)', '맹성규(더불어민주당/孟聖奎)', '박정(더불어민주당/朴釘)', '박찬대(더불어민주당/朴贊大)', '박홍근(더불어민주당/朴洪根)', '송재호(더불어민주당/宋在祜)', '안규백(더불어민주당/安圭伯)', '안민석(더불어민주당/安敏錫)', '양향자(더불어민주당/梁香子)', '윤관석(더불어민주당/尹官石)', '이용빈(더불어민주당/李龍彬)', '이정문(더불어민주당/李楨文)', '전재수(더불어민주당/田載秀)', '천준호(더불어민주당/千俊鎬)', '홍영표(더불어민주당/洪永杓)']"
36,2100247,초·중등교육법 일부개정법률안,2020-06-08,의원,2020-12-02 00:00:00,대안반영폐기,제21대 (2020~2024) 제379회,"    및  최근 텔레그램 N번방 사건 등과 같은 디지털성범죄가 계속 발생하며 이에 연루된 유료회원이 100여명이 넘어가고 공익근무요원, 군인 등 다양한 직종의 사람들이 검거되고 있음. 또한 가해자 중 30% 이상이 미성년자로 밝혀지고 있고, 재발 방지를 위해서는 성장기에 올바른 교육이 중요하다는 점에서 학생을 가르치는 교원의 자격은 더욱 엄격해야 할 것임.이에 성범죄로 인해 처벌 받은 사람 또는 대마ㆍ마약ㆍ향정신성의약품 중독자의 경우 교원 자격 취득을 제한하여, 교원자격증을 교원 임용뿐만 아니라 관련 분야 취업 등에 이용하지 못하도록 하여 교원의 도덕성을 제고하고자 함(안 제21조의2 및 제21조의3 신설).  ",교육위원회,"['서영교(더불어민주당/徐瑛敎)', '고영인(더불어민주당/高永寅)', '김병기(더불어민주당/金炳基)', '김승남(더불어민주당/金承南)', '김철민(더불어민주당/金哲玟)', '맹성규(더불어민주당/孟聖奎)', '민홍철(더불어민주당/閔洪喆)', '박정(더불어민주당/朴釘)', '박찬대(더불어민주당/朴贊大)', '박홍근(더불어민주당/朴洪根)', '송재호(더불어민주당/宋在祜)', '안규백(더불어민주당/安圭伯)', '안민석(더불어민주당/安敏錫)', '양향자(더불어민주당/梁香子)', '윤관석(더불어민주당/尹官石)', '이용빈(더불어민주당/李龍彬)', '이정문(더불어민주당/李楨文)', '전재수(더불어민주당/田載秀)', '천준호(더불어민주당/千俊鎬)', '홍영표(더불어민주당/洪永杓)']"
