,의안번호,의안명,제안일자,제안자구분,의결일자,의결결과,발의자,제안정당,제안회기,제안이유,소관위원회,제안자,성별,여성의원 수,정당성향
0,141424,여성발전기본법안,1995-12-19,위원장,1995-12-19,원안가결,위원장,위원장,제14대 (1992~1996) 제177회,"1. 여성발전기본법안은 주良자의원외 22인으로부터 1995년 12월 6일 발의되어 동년 12월 7일자로 당위원회에회부되었으며, 남녀평등기본법안은 손세일의원외 64인으로부터 1995년 12월 9일 발의되어 동일자로 당위원회에 회부되었음.2. 당위원회에 회부되어온 2건의 제정법안에 대하여 제177회 국회(정기회) 제8차 위원회(1995년 12월 12일)에서 제안설명과 전문위원의 검토보고를 각각 듣고, 법안심사소위원회에 회부하여 심사보고토록 하였음.3. 법안심사소위원회에서는 제3차∼제5차 회의(1995년 12월 14일,15일, 18일)를 열고 2건의 법안에 대하여 진지하게 심사한 결과 상기 兩법안은 각각 본회의에 부의하지 아니하기로 하고 이들 법안의 공통내용인 남녀평등과 여성발전촉진을 골자로 하는 위원회 단일안을 마련하였으며, 제9차 위원회(1995년 12월 19일)에서이를 행정위원회의 대안으로 제안하기로 의결하였음. 성차별적 관행이 뿌리깊은 우리 현실에서 헌법의 기본리념에 따라 정치·경제·사회·문화의 모든 영역에서 남녀평등을 촉진하고 女성의 발전을 도모하기 위하여 여성정책의 추진체계 및 구체적 내용을 규정하고 남녀평등의 촉진, 여성의 사회참여 확대, 여성의 복지증진을 위한 국가 및 사회의 책임 등을 규정함으로써 건강한 가정의 구현과 국가·사회의 발전에 남녀가 공동으로 참여하고 책임을 분담할 수 있도록 하고자 이 법을 제정함. 1. 이 법은 6장 36조로 하고 총칙, 여성정책기본계획등 여성정책의 기본시책, 여성발전기金, 여성단체의 지원등을 그 내용으로함.2. 이 법은 헌법의 남녀평등리념을 구현하기 위한 국가와 지방자치단체의 책무등을 규정함으로써 정치·경제·사회·문화의 모든 영역에 있어서 남녀평등을 촉진하고 여성의 발전을 도모함을 목적으로 함(안 제1조)3. 이 법의 기본리념은 남녀평등의 촉진, 모성의 보호, 성차별적 의식의 해소 및 여성의 능력개발을 통하여건강한 가정의 구현과 국가 및 사회의 발전에 남녀가 공동으로 참여하고 책임을 분담할 수 있도록 하는 것임(안 제2조)4. 국가 및 지방자치단체는 남녀평등의 촉진, 여성의 사회참여확대 및 복지증진을 위하여 법적·제도적 장치의 마련과 이에 필요한 재원을 조달할 책무가 있으며 여성의 참여가 현저히 부진한 분야에 대하여 관계법령이 정하는 바에 의하여 잠정적인 우대조치를 취할 수 있도록 함(안 제5조, 제6조)5. 정부는 여성정책에 관한 기본계획을 5년마다 수립하며 중앙행정기관의 장과 특별시장, 광역시장 및 도지사는 기본계획에 의한 연도별 시행계획을 수립·시행하도록 하고 중앙행정기관, 지방자치단체, 공공기관 기타 법인 또는 단체는 이에 필요한 협조를 하여야 함(안 제7조 내지 제9조)6. 여성정책심의위원회, 성차별개선위원회 및 한국여성개발원의설치근거를 규정함(안 제10조 내지 제12조)7. 여성정책의 기본시책은 정치, 공직, 고용, 교육, 사회복지, 가정 및 국제협력분야를 포괄하여 여성발전을위한 국가 및 지방자치단체의 의무를 규정함(안 제15조 내지 제28조)8. 이 법의 목적을 실현하기 위한 사업 등의 지원에 필요한 재원을 확보하기 위하여 여성발전기金을 설치하고정부가 관리·운용토록 함(안 제29조)9. 국가 및 지방자치단체는 여성단체의 활동 등에 필요한 경비를 보조할 수 있도록 함(안 제32조)10. 여성정책에 관한 기본계획의 수립, 기金의 관리·운용 등 이 법에서 규정하고 있는 정부의 사무를 처리하는 국무위원을 대통령령으로 정하도록 함(안 제36조) 제177회국회(정기회) 제18차 본회의(1995.12.19)상정·의결",행정위원회,[],,0,
1,141410,남녀평등기본법안,1995-12-09,의원,1995-12-19,대안반영폐기,손세일,통합민주당,제14대 (1992~1996) 제177회,"개인의 존엄과 남녀의 평등을 기초로 모든 영역에서 성에 대한 정형화를 소멸시키고 개인이 인간으로서 존중되도록 하며, 모든 분야에서 남녀가 자기의 능력이나 의욕에 따라 평등한 조건으로 참여할 수 있는 기회와 대우의 균등을 보장하여야 한다.이 법률은 이러한 정신에 따라 여성의 역할과 활동이 차별적인 제도나 편견에 의하여 폄하됨이 없이 모든 직종에서 충분히 발휘되도록 실질적인 남녀평등조치를 취함으로써 사회 모든 분야에서 남녀의 공동참여와 공동책임이 구현되게 하기 위한 제도를 마련하고자 하는 것이다. 1. 이 법은 헌법의 평등리념에 따라 정치·경제·사회·문화의 모든 영역에서 실질적 남녀평등을 실현하기 위한 국가 및 사회의 책임등을 규정함을 그 목적으로 함(안 제1조)2. 이 법은 개인의 존엄과 남녀의 평등을 기초로 모든 영역에서 성에 대한 정형화를 소멸시키고, 남녀가 그능력을최대한 발휘하는데 있어서 기회와 대우의 균등을 보장하는 것을 기본리념으로 함(안 제2조)3. 다른 법률의 규정이 이 법의 규정에 저촉되는 경우에는 이 법의 규정에 따르도록 함(안 제4조)4. 국가 및 지방자치단체는 일정 성의 참여가 20퍼센트이상에 이르지 못한 분야에 대하여 그 참여를 촉진하기위하여 대통령령이 정하는 범위 안에서 잠정적인 우대조치를 취하도록 함(안 제6조)5. 국가 및 지방자치단체는 여성의 정책결정참여 및 정치참여 확대, 공직의 남녀평등, 여성의 고용증대 및 고용평등강화, 복지제도 개선, 모성보호의 사회적 책임, 아동보호 및 학교급식 확충, 가정폭력 등 피해방지,가정·학교·사회교육, 대중매체, 국제협력, 가족관계, 가사노동가치 등 제반 분야에서 기본정책을 통하여실질적인 남녀평등을 실현하도록 함(안 제7조 내지 제21조)6. 남녀평등실현 및 여성의 권익신장을 위한 지원사업에 필요한 재원을 확보하기 위하여 남녀평등기金을 설치하도록 함(안 제22조 내지 제24조)7. 남녀평등기본계획의 수립과 그 추진 등을 위하여 국무총리소속하에 남녀평등위원회를 설치함. 위원은 상임위원 5인과 비상임위원 10인 등 15인으로 하고, 대통령이 국회의 동의를 얻어 임명하도록 함(안 제26조)8. 남녀평등위원회는 남녀평등실현계획 수립·추진, 자료수집·조사활동, 권고·시정명령·고발, 의견표명,조치 결과통보요구 등의 기능과 소관업무를 수행하기 위하여 중앙행정기관·지방자치단체 또는 관계기관등에 협력요청 등을 하도록 함(안 제29조)9. 남녀평등위원회는 심의·확정된 계획 및 그 추진계획등을 국회에 제출하고, 국회의 승인을 받아 추진하도록 하며, 계획의 추진실적·평가서 등을 기술한 연차보고서를 작성하여 매년 국회에 보고하도록 함(안 제30조)10. 남녀평등위원회의 업무처리를 위하여 위원회에 사무처를 두고 사무처에 사무처장 1인을 두도록 함(안 제31조)11. 남녀평등위원회는 기본정책을 실천하기 위하여 5년마다 남녀평등기본계획을 수립하고, 중앙행정기관의 장및 시·도지사는 기본계획에 의하여 연도별 운영계획을 수립·시행하며, 남녀평등위원회에 운영계획, 추진결과 및 평가서 등을 매년 보고하도록 함(안 제32조)12. 남녀평등위원회로부터 협력요청 등을 받은 자가 정당한 사유없이 이에 불응한 때에는 1년이하의 징역 또는1천만원이하의 벌金에 처하도록 함(안 제35조) 제177회국회(정기회) 제8차 행정위원회(1995.12.12)상정·제안설명·검토보고·대체토론제177회국회(정기회) 제9차 행정위원회(1995.12.19)법안심사소위원장보고·의결제177회국회(정기회) 제18차 본회의(1995.12.19)보고",행정위원회,"['손세일', '강철선', '권노갑', '김덕규', '문희상', '이우정', '조세형', '김옥두', '김옥천', '김원길', '김인곤', '김장곤', '김충조', '김충현', '김태식', '나병선', '남궁진', '류인학', '류준상', '박광태', '박상천', '박실', '박은태', '박정훈', '박태영', '배기선', '신계륜', '신기하', '신순범', '안동선', '오탄', '이경재', '이길재', '이석현', '이영권', '이원형', '이윤수', '이종찬', '이협', '이희천', '임복진', '임채정', '장석화', '장영달', '장재식', '정균환', '정대철', '정상용', '조순승', '조순형', '조윤형', '조홍규', '채영석', '최두환', '최락도', '최재승', '한광옥', '한화갑']",남성,1,진보
2,141407,여성발전기본법안,1995-12-06,의원,1995-12-19,대안반영폐기,주양자,신한국당,제14대 (1992~1996) 제177회,"성차별적 관행이 뿌리깊은 우리 현실에서 헌법의 기본리념에 따라 사회 각 분야에서 남녀평등을 촉진하고 여성의 권익을 보호하며 여성의 발전을 지속적으로 이룩해 나가기 위하여 여성정책의 추진기구 및 구체적 내용을규정하고 여성발전을 위한 국가 및 사회의 책임 등을 규정함으로써 여성정책을 체계적이고 효率적으로 추진하고자 이 법을 제정함. 1. 이 법은 5장 34조로 하고 총칙, 여성정책의 기본계획등, 여성정책의기본시책, 여성발전기金 및 여성단체의지원등을그 내용으로 함.2. 이 법의 기본리념은 남녀평등의 촉진, 모성의 보호, 성차별적 의식의 해소 및 여성의 능력개발을 통하여건강한 가정의 구현과 국가 및 사회의 발전에 남녀가 공동으로 참여하고 책임을 분담할 수 있도록 하는 것임(안 제2조)3. 국가 및 지방자치단체는 남녀평등 및 복지증진을 위한 법적·제도적 장치 마련과 필요한 재원을 조달할 책임이 있으며 남성 또는여성의 참여가 현저히 부진한 분야에 대해 대통령령이 정하는 합리적 범위 안에서잠정적인 우대조치를 취할 수 있도록 함(안 제5조, 제6조)4. 여성정책심의위원회와 한국여성개발원의 설치근거를 규정함(안 제7조, 제8조)5. 정부는 여성정책에 관한 기본계획을 5년마다 수립하며 중앙행정기관의 장과 특별시장, 광역시장 및 도지사는 기본계획에 의한 연도별 시행계획을 수립·시행하도록 함(안 제9조, 제10조)6. 여성기본시책은 정치, 공직분야, 고용, 교육, 사회복지, 가정 및 국제협력분야로 나누어 여성발전을 위한국가 및 지방자치단체의 의무를 규정함(안 제14조 내지 제27조)7. 여성 권익신장을 위한 사업의 지원에 필요한 재원을 확보하기 위하여 여성발전기金을 설치하고 정부가 관리·운용토록 함(안 제28조)8. 국가 및 지방자치단체는 여성단체의 활동 등에 필요한 경비를 보조할 수 있도록 함(안 제31조) 제177회국회(정기회) 제8차 행정위원회(1995.12.12)상정·제안설명·검토보고·대체토론제177회국회(정기회) 제9차 행정위원회(1995.12.19)법안심사소위원장보고·의결제177회국회(정기회) 제18차 본회의(1995.12.19)보고",행정위원회,"['주양자', '강선영', '정옥순', '김해석', '김형오', '류흥수', '박명환', '박종웅', '박주천', '박희부', '손학규', '신상식', '이명박', '이민섭', '이승무', '이승윤', '이영창', '정창현', '조용직', '차수명']",여성,2,보수
3,141388,형법중개정법률안,1995-12-01,위원장,1995-12-02,원안가결,위원장,위원장,제14대 (1992~1996) 제177회,"1. 정부에서는 1985년 6월 형사법개정특별심의위원회를 구성·발족한 이후 1992년 5월까지 7년여의 오랜 기간동안 형법개정작업을 추진한 끝에 성안한 형법개정법률안시안에 대하여 관계기관의 의견조회, 공청회의 개최와 입법예고를 통하여 각계의 의견을 수렴한 후 정부안을 확정하여 1992년 7월 6일 국회에 제출하였으며형법개정법률안은 동년 10월 2일 법제사법위원회에 회부되었음.2. 법제사법위원회는 1992년 11월 3일 제159회국회(정기회) 제8차 회의에서 형법안심사소위원회를 구성하였으며, 동소위원회는 8회에 걸친 회의를 열어 축조심사를 행하였고, 동소위원회의 심사과정에서 제시된 주요쟁점사항에 대하여 2회의 공청회(“총칙편에 대한 공청회”와“낙태죄 및 간통죄에 관한 공청회”)를 개최하여 각계의 의견을 청취하였음.3. 1995년 12월 1일 제177회국회(정기회) 개회중 제2차 형법안심사소위원회에서는 정부가 제출한 형법개정법률안은 전부개정으로 각계의 의견이 일치되지 않는 규정이 많이 있어 앞으로도 보다 신중한 심사가 요청되는 것이나 시간적 제약으로 14대국회의원 임기만료에 따른 자동폐기의 우려가 있으므로 우선 시급히 개정되어야 할 부분을 엄격히 발췌·정리하여 형법중개정법률안(대안)을 제안하기로 합의하였음.4. 1995년 12월 1일 제177회국회(정기회) 법제사법위원회 제14차 위원회에서는 형법안심사소위원회(소위원장 : 박희태)로부터 형법개정법률안에 대한 심사보고를 받은 후 정부가 제출한 동법률안은 이를 본회의에부의하지 않기로 하고 동소위원회에서 제안한 형법중개정법률안(대안)을 위원회안으로 채택하기로 하여 이를 원안의결함. 정부가 제출한 형법개정안은 전부개정으로 그 개정범위가 방대할 뿐만 아니라 각계각층의 의견이 대립되는 부분이 많이 있어 앞으로도 충분한 의견수렴과 신중한 심사를 거쳐 합의안을 도출하기까지는 오랜 시간이 걸릴것으로 예상되고, 또한 지난 40여년간 시행·정착되어온 형법을 전부개정하는 것은 그 시행과정에서 뜻밖의 혼란이 야기될 염려도 있으므로, 동법률안에 대하여는 시간을 가지고 신중하고도 충분한 검토가 필요한 것임.따라서 시간상 제약으로 14대국회의원 임기만료로 인하여 형법개정안이 자동폐기될 우려가 있으므로 컴퓨터범죄 등 신종범죄와 민생치안관련범죄(인질범죄) 기타 신종범죄에 효율적으로 대처하고, 보호관찰제도를 도입하며, 벌金형을 현실화하거나 일부범죄에 선택형으로 벌金형을 추가하고, 결과적가중범의 치사와 치상의 법정형에 차등을 두는 등 최소한의 필요한 개정부분을 반영한 부분개정방식인 형법중개정법률안(대안)을 제안하게 된것임. 1. 보호관찰제도의 도입성인범에 대하여도 보호관찰제도, 사회봉사명령제도, 수강명령제도를 도입함(안 제59조의2, 제61조제2항,제62조의 2, 제64조제2항, 제73조의2, 제75조, 제76조)2. 범죄화 현상에 따른 신종범죄의 신설가. 컴퓨터관련범죄(1) 컴퓨터 등 정보처리장치를 이용한 사기, 업무방해, 비밀침해, 공·사 전자기록의 위작·변작 및동 행사등 컴퓨터관련범죄를 신설함(안제140조제2항·제3항, 제232조의2, 제227조의2, 제314조제2항, 제316조제2항, 제347조의2)(2) 재물손괴죄 등에 전자기록 등 특수매체기록을 행위의 객체로 추가(안 제48조제3항, 제141조, 제228조, 제229조, 제366조 등)나. 민생치안관련범죄(인질관련범죄신설 등)(1) 인질강도죄의 죄명을 인질강도로 하고, 체포, 감금도 행위類형에 포함시킴(안 제336조)(2) 사람을 인질로 삼은 권리행사방해를 가중처벌하기 위하여 인질강요죄 등을 신설함(안 제324조의2제324조의5)(3) 피략취유인자나 인질을 안전하게 풀어준 경우에 형을 감경하도록 함(안 제295조의2, 제324조의6)다. 기타 범죄(1) 강제집행으로 명도 또는 인도된 부동산에 침입하는 등의 경우 처벌조항신설(안 제140조의2)(2) 가스, 전기, 방사선 등을 방류하여 생명 등에 위험을 발생시킨 경우 처벌조항신설(안 제172조의2)(3) 인지·우표위조죄 등에 우편料金을 표시하는 증표를 행위의 객체로 추가(안 제218조, 제219조, 제221조, 제222조)(4) 전자복사기, 모사전송기 등을 이용하여 복사한 문서 또는 사본도 문서 또는 도서로 보는 규정을신설함(안 제237조의2)(5) 자동차 등을 不법사용한 경우 처벌조항 신설함(안 제331조의2)(6) 자동판매기 등 편의시설불정利용의 경우 처벌조항 신설(안 제348조의2)3. 법정형의 조정가. 선택형으로 벌金형 추가(1) 직권람용, 공무집행방해, 위계에 의한 공무집행방해, 무고, 위조통화의 취득, 허위유가증권의 작성, 위조인지·우표 등의 취득, 허위공문서등의 작성, 사문서등의 위조, 변조, 자격모용에 의한사문의 작성, 존속상해, 존속폭행, 유기, 존속유기, 존속학대, 체포·감금,존속체포·존속감금,허위사실적시, 명예훼손, 출판 등에 의한 명예훼손(안 제123조, 제136조, 제137조, 제156조, 제208조, 제216조, 제219조, 제227조, 제231조, 제232조, 제257조제2항, 제260조제2항, 제271조, 제273조제2항, 제276조, 제307조제2항, 제309조제2항)나. 벌金형의 현실화(1) 벌金형의 화폐단위를“ ”에서“원”으로 통일함.(2) 현행 40만원이하부터 300만원 이하인 벌金형을 200만원이하부터 3천만원이하까지로 인상하여 현실화함.다. 결과적가중범의 치사와 치상의 형량차등유기등 치사상, 체포·감금치사상, 약취·유인치사상, 강간 등치사상, 건조물파괴치사상, 가스·전기 등 공급방해치사상, 현주건조물 등에의 방화치사상, 교통방해치사상, 음용수혼독치사상, 특수공무방해치사상 등 결과적가중범을 치상죄와 치사죄로 구분하여 법정형에 차등을 둠(안 제144조, 제164조제2항·제173조제3항, 제177조제2항, 제188조, 제194조, 제275조,제281조, 제292조, 제301조, 제301조의2,제368조 등)4. 사형등 법정형의 일부조정존속살해죄에“7년이상의 유기징역”을 선택형으로 추가하고, 현주건조물 등에의 일수, 교통방해치사상,음용수혼독치사상 등의 죄에서“사형”을 삭제하며, 강간 등 살해죄에“사형”을 추가하고, 가스·전기등 공급방해치사죄에“무기징역”을 추가하며, 허위공문서등의 작성죄 등의 징역형하한을 완화하고, 특수공무방해죄의 징역형하한을 상향조정함(안 제144조제2항, 제173조제3항, 제177조제2항, 제188조, 제194조, 제225조 내지 제227조, 제250조제1항, 제251조제1항, 제257조제2항, 제301조의2)5. 과실범의 처벌규정신설폭발성물건파열, 가스·전기 등 방류, 가스·전기 등 공급방해 등 죄의 과실범과 그 업무상과실·중과실을처벌하도록 함(안 제250조)6. 용어의 정리가. 장 및 조의 제목 중 일부를 개정내용에 맞추어 수정·보완함(안 제123조, 제133조, 제138조, 제158조,제163조, 제172조, 제173조, 제218조, 제22장, 제26장, 제28장, 제32장 등)나. 조문의 표현중 어려운 한자 등을 쉬운 용어로 일부수정하고, 조문의 표현을 정리함(안 제270조 등) 제177회국회(정기회) 제16차본회의(1995.12. 2)상정·의결",법제사법위원회,[],,0,
4,141332,남녀고용평등법중개정법률안,1995-11-10,의원,1996-05-29,임기만료폐기,이우정,통합민주당,제14대 (1992~1996) 제177회,"근로자의 고용 및 제반근무환경에 있어서의 남녀평등을 확보하기 위하여 성별 등을 사유로 한 직접차별 뿐만아니라 간접차별 즉 결과적으로 특정 성의 근로자에게 불리하게 작용하게 될 조치를 통한 차별도 이를 금지하고, 직장내의 성희롱을 예방하고 금지하는 규정을 명문화하며, 기타 현행 규정의 미비점을 보완하기 위한 것임. 1. 사업주는 성별·혼인등을 사유로 하여 직접적인 조치에 의한 차별을 하지 못하도록 하는 한편, 결과적으로특정성의 근로자에게 현저히 불리하게 작용하게 될 인사제도 또는 고용형태의 도입 등의 조치를 하지 못하도록 함(안 제5조의2)2. 사업주는 근로여성의 혼인·임신 또는 출산등의 사유로 근로조건을 불이익하게 변경하거나 퇴직을 강요하지 못하도록 규정을 신설함(안 제8조제3항)3. 사업주는 근로자가 직장내에서 성희롱행위를 당하지 아니하고 안전한 환경에서 일할 수 있도록 여건을 조성하도록 하고, 성희롱행위와 관련한 피해의 구제와 가해자에 대한 적절한 조치를 취하는데 최선을 다하도록 명문화함(안 제8조의2)",환경노동위원회,"['이우정', '강부자', '김말룡', '김해석', '박세직', '신계륜', '원혜영', '문희상', '박계동', '박정수', '박종웅', '박주천', '성무용', '손세일', '손학규', '신진욱', '양순직', '이석현', '이종찬', '이철', '이협', '장영달', '조부영', '조세형', '조일현', '조진형', '조홍규', '차화준', '채영석', '최욱철', '현경자', '홍기훈']",여성,2,진보
5,141166,소득세법중개정법률안,1995-09-30,정부,1995-12-02,수정가결,정부,정부,제14대 (1992~1996) 제177회,"金융소득종합과세의 실효성을 높이기 위하여 채권등의 과세방식을 보완하고, 5년이상 장기저축에 대하여는 이자소득을 분리과세할 수 있도록 하며, 각 누진세率이 적용되는 과세표준 구간을 조정하는 등 소득세를 경감하고, 양도소득세를 효율적으로 과세하기 위하여 불동산매매시 세무서장으로부터 신고확인서를 받아 등기신청서에 첨부하도록 하며, 서화·골동품 등의 양도소득은 종합소득으로 과세하도록 하고, 기타 현행 규정의 일부 미비점을 개선·보완하려는 것임. 1. 현재 이자·배당·불동산임대·사업·근로·기타소득의 6가지로 되어 있는 종합소득에 일시재산소득을 신설하여, 거주자가 서화·골동품등을 양도하고 얻은 이익을 이에 포함시켜 종합소득세를 과세하도록 함(안제20조의2 및 안 제94조)2. 채권등을 만기전에 법인에게 중도매각하는 경우 보유기간의 이자상당액에 대하여 이자소득세를 원천징수한후 종합과세하여 金융소득종합과세의 실효성을 제고함(안 제46조)3. 취업여성 근로자와 배우자가 없는 남성근로자에 대하여 6세이하의 자녀 1인당 年 50만원의 자녀양육비에대한 공제를 신설함으로써 이들이 산업인력화될 수 있도록 지원함(안제51조)4. 金융소득종합과세로 인한 조세부담증가를 완화하기 위하여각 누진세率이 적용되는 과세표준 구간을 조정하며, 金융기관의 5년이상의 장기저축상품에 대하여는 30퍼센트의 세率이 적용되는 분리과세를 선택할 수 있도록 함(안 제55조 및안 제129조)5. 원천징수세액의 소액불징수 기준금액을 현행 500원에서 국세기본법상의 고지최저한金액 수준인 1,000원으로 상향조정하고, 기타소득에 대한 원천징수세率을 현행 25퍼센트에서 20퍼센트로 인하함(안 제86조 및 안제129조)6. 양도소득세 과세자료를 효율적으로 수집·처리하여 납세관계를 조기에 종결할 수 있도록 불동산을 매매하였을 때에는당해 거래내용을 세무서장에게 신고하고 신고확인서를 교부받아 등기신청시 첨부하도록 함(안제165조) 근로소득자의 세부담 경감을 위하여 교육비공제 범위를 대학및 유치원까지 확대하고 서화·골동품의 양도로 인하여 발생하는 소득에 대한 과세를 1998년부터 시행하도록 하며 사업자의 접대비 한도金액계산방식을 법인세법에 맞추어 조정하는 등일부 규정의 미비점을 보완하고 자구정리를 하고자 함.□ 수정주요골자1. 필요경비에 산입되는 사업자의 접대비 인정범위를 법인세법에 맞추어 조정함(안 제35조제1항제2호)2. 직계비속 또는 2인이내의 형제자매를 위하여 지급한 교육비 공제범위를 유치원 및 대학까지 확대하고 특별공제 합계액한도(240만원)를 폐지함(안 제52조제1항 단서 및 동항제4호)3. 서화·골동품의 양도로 인하여 발생한 소득에 대하여 1998년 이후 양도분부터 과세하도록 함(안 부칙 제1조 단서 및 부칙 제3조)4. 기타 조문의 자구를 정리하고 일부 조항의 시행시기를 관련규정에 맞추어 정리함(안 제108조제1항 및 안부칙 제1조 단서) 제177회국회(정기회) 제7차 재정경제위원회(1995.10.30)상정·대체토론제8차 재정경제위원회(1995.10.31)소위회부제177회국회(정기회) 제14차 재정경제위원회(1995.12. 1)소위심사보고·의결제177회국회(정기회) 제16차 본회의(1995.12. 2)상정·의결",재정경제위원회,[],,0,
6,141048,영유아보육법중개정법률안,1995-03-02,의원,1996-05-29,임기만료폐기,김원웅,통합민주당,제14대 (1992~1996) 제172회,"현행 영유아보육법의 미비점을 보완하여 보육대상을 모든 영유아로 확대하고 영유아 보육과 서비스의 질적 향상을 도모하는 한편 보육위원회의 기능을 강화하고 영유아보육에 필요한 비용을 국가, 지방자치단체, 기업 및보호자가 공동으로 부담하도록 하는 등 영유아보육의 활성화를 위한 법적근거를 마련하고자 함. 1. 보육대상을“보호자가 근로 또는 질병 기타 사정으로 인하여 보호하기 어려운 영유아”에서 모든 영유아로 확대함(안 제1조)2. 보육위원회의 실질적인 심의기능을 강화하여 보육사업의 활성화를 도모함(안 제4조·제4조의2·제12조·제13조 및 제15조)3. 직장보육시설의 설치의무규정을 보완함과 동시에설치의무 위반자에 대한 벌칙조항을 신설함으로써 직장보육사업의 확대를 도모함(안 제7조 및 제31조)4. 보육시설이 이 법 또는 이 법에 의한 명령위반시 먼저 시정명령을 하도록 하고, 시정명령을 따르지 않을경우 보육위원회의 심의를 거쳐 인가의 취소나 사업의 정지 또는 폐지를 명하도록 함으로써 절차규정을 보완함(안 제12조)5. 보육대상 영유아의 건강관리에 대한 규정을 보완하고, 사고발생시의 응급조치에 대한 규정을 신설함(안 제20조)6. 영유아 보육에 필요한 비용을 국가, 지방자치단체, 기업 및 보호자가 공동부담함을 원칙으로 하되, 특히저소득층 자녀와 농어촌주민자녀에 대해서는 국가 또는 지방자치단체가 그 일부 또는 전부를 부담하도록함(안 제21조)7. 국가 또는 지방자치단체는 대통령령 또는 조례가 정하는 바에 의하여 보육시설의 설치 및 운영등 영유아보육사업에 소요되는 비용을 보조할 수 있도록 함으로써 비용보조에 있어서의 지방자치단체의 자律성을 보장함(안 제22조)",보건복지위원회,"['김원웅', '강창성', '강철선', '강희찬', '국종남', '권노갑', '김덕규', '김말룡', '김명규', '김병오', '김봉호', '김상현', '김영배', '김영진', '김옥두', '김옥천', '김원기', '김원길', '김인곤', '김장곤', '김종완', '김충조', '김충현', '김태식', '나병선', '남궁진', '류인태', '류인학', '류준상', '문희상', '박계동', '박광태', '박상천', '박석무', '박실', '박은태', '박일', '박정훈', '박지원', '박태영', '손세일', '신계륜', '신기하', '신순범', '신진욱', '안동선', '양문희', '오탄', '원혜영', '이경재', '이규택', '이기택', '이길재', '이동근', '이부영', '이상두', '이석현', '이영권', '이우정', '이원형', '이윤수', '이장희', '이종찬', '이철', '이해찬', '이협', '이희천', '임복진', '임채정', '장경우', '장기욱', '장석화', '장영달', '장재식', '장준익', '정균환', '정기호', '정대철', '정상용', '제정구', '조세형', '조순승', '조순형', '조윤형', '조홍규', '채영석', '최두환', '최락도', '최욱철', '최재승', '하근수', '한광옥', '한화갑', '허경만', '홍기훈', '홍사덕', '홍영기', '황의성']",남성,1,진보
7,141036,국회법중개정법률안,1995-02-27,위원장,1995-02-27,원안가결,위원장,위원장,제14대 (1992~1996) 제172회,"1995년 2월 27일 국회운영위원회의 권해옥·李 협·허재홍·박주천·최두환위원이 서면동의한 동개정법률안을제172회국회(임시회) 제2차 국회운영위원회( 95.2.27)에서 심사한 결과 이를 위원회안으로 채택하고, 법제사법위원회의 체계·자구심사를 거쳐 본회의에 제안하는 것임. 경제기획원과 재무부가 재정경제원으로, 건설부와 교통부가 건설교통부로 각각 통합되고, 상공자원부가 통상산업부로, 보건사회부가 보건복지부로, 체신부가 정보통신부로, 환경처가 환경부로 각각 개편되는 등 정부조직법의 대폭적인 개정에 맞추어 이들 부처에 속하는 사항을 소관으로 하는 각 상임위원회의 명칭 및 소관사항을 조정하고 기타 운영상의 일부 규정을 보완하려는 것임. 1. 행정경제위원회를 행정위원회로 하고, 그 소관사항중 경제기획원에 속하는 사항을 삭제하며, 공정거래위원회를 추가함(안 제37조제1항제3호)2. 재무위원회, 상공자원위원회를 각각 재정경제위원회, 통상산업위원회로 하고, 그 소관을 각각 재정경제원,통상산업부에 속하는 사항으로 함(안 제37조제1항제4호 및 제12호)3. 외무통일위원회를 통일외무위원회로 함(안 제37조제1항제5호)4. 체신과학기술위원회를 통신과학기술위원회로 하고, 그 소관사항중 체신부를 정보통신부로 함(안 제37 조제1항제12호)5. 노동환경위원회를 환경노동위원회로 함(안 제37조제1항제13호)6. 보건사회위원회를 보건복지위원회로하고, 그 소관중 보건사회부를 보건복지부로 함(안 제37조제1항제14호)7. 교통위원회와 건설위원회를 통합하여 건설교통위원회로 하고, 그 소관을 건설교통부에 속하는 사항으로 함(안 제37조제1항제15호)8. 위원회의 순서를 정부부처 편제순에 따라 조정함(안 제37조제1항)9. 여성특별위원회는 여성의 복지와 권익의 향상에 관한 사항을 심사할 수 있도록 함(안 제46조의2제1항) 제172회국회(임시회) 제2차 국회운영위원회(1995.2.27)상정·의결제172회국회(임시회) 제5차 본회의(1995.2.27)상정·의결",국회운영위원회,[],,0,
8,140950,남녀고용평등법중개정법률안,1994-11-28,의원,1995-07-15,수정가결,주양자,신한국당,제14대 (1992~1996) 제170회,"현행 남녀고용평등법의 규정 중 남녀차별금지규정 및 육아휴직제도를 보완하고, 직장보육시설 설치에 관한 사항, 고용문제조정위원회 기능에 관한 사항 및 벌칙조항 등의 보완정비를 통하여 이 법의 실효성을 제고하고자함. 1. 임金 이외의 金품지급, 자金융자 등에 있어서 여성근로자에 대한 차별금지 조항의 신설(안 제6조의3)2. 육아휴직 신청의 대상을 현행 여성근로자에서, 육아휴직 신청 대상 여성근로자의 배우자인 남성근로자도선택적으로 신청할 수 있도록 하되, 위반에 대한 벌金형을 과태료로 전환(안 제11조 및 제23조의2)3. 현재 사문화되어 있는 직장보육시설 설치에 관한 규정을 보완하여 노동부장관이 직장보육시설 설치를 지도할 수 있는 근거를 마련함(안 제12조)4. 고용문제조정위원회의 기능과 활동을 강화하기 위하여 분쟁조정기능 이외에 관내 근로여성의 취업촉진 및고용평등에 관한 사항도 협의토록 하고, 명칭을  고용평등위원회 로 변경함(안 제16조 및 안 제18조의2)5. 실형과 벌金형간의 균형을 도모하고, 근로기준법상의 관련 벌칙과 균형을 맞추기 위하여 벌칙조항 중 벌金형을 보완·강화함(안 제23조)6. 과태료 부과규정을 신설하여 임金 이외의 金품지급 등에서의 차별, 육아휴직제도 위반, 보고, 검사 등에대한 협조 의무위반 등에 대하여 과태료를 부과토록 함(안 제23조의2) 남녀의 평등한 기회 및 대우를 실질적으로 보장하기 위하여 모집과 채용 등에 있어서 업무의 성격이나 관행에따라 남성에게는 요구하지 아니하는 자격조건을 여성에게만 제시하는 등의 차별을 금지하도록 하고, 임금 이외金품차별, 육아휴직제도 위반에 대한 과태료를 벌칙으로 강화하는 등 일부 미비점을 수정·보완하려는 것임.□ 수정주요골자1. 모집·채용에 있어 여성에게만 직무수행에 필요하지 않은 키·체중 등 신체적인 조건, 미혼조건 등을 제시또는 요구 금지규정 신설(안 제6조제2항)2. 동일가치노동의 기준을 정할때 근로자대표의 의견을 청취하도록 하고, 교육·배치·승진에 있어 혼인·출산으로 인한 不利익이 없도록 관련규정 보완(안 제6조의2 및 제7조)3. 직장보육시설을 설치한 사업주에게 노동부장관에 대한 신고의무를 규정하고, 경비보조 대상을 확대함(안제12조 및 제21조)4. 고충처리기관 구성방법을 현안대로 존치하고, 고충처리절차 등 위임규정 신설(안 제14조)5. 임金이외 金품차별, 육아휴직제도 위반에 대한 과태료를 벌칙으로 강화(안 제23조 및 제23조의2) 제170회국회(정기회) 제8차 노동환경위원회(1994.12. 8)상정·제3차 법안심사소위원회(1994.14.14)심사제173회국회(폐회중) 제1차 법안심사소위원회(1995. 4. 13)의결제176회국회(임시회) 제1차 환경노동위원회(1995. 7.13)소위원장 심사보고·의결제176회국회(임시회) 제8차 본회의(1995. 7.15)상정·의결",환경노동위원회,"['주양자', '정옥순', '최상용', '권해옥', '김기도', '김동권', '김영일', '김해석', '민태구', '박범진', '박세직', '박주천', '박헌기', '박희부', '송광호', '오장섭', '이민섭', '이용삼', '이춘구', '이한동', '정장현', '정창현', '함석재', '허재홍']",여성,1,보수
9,140884,국가공무원법중개정법률안,1994-11-07,정부,1994-12-02,원안가결,정부,정부,제14대 (1992~1996) 제170회,"공직사회에 일하는 분위기를 조성하기 위하여 사무관승진시험제도를 개선하고, 근무성적이 우수한 공무원에게성과급을 지급할 수 있도록 하는 근거를 신설하며, 핵가족시대의 공무원들의 자녀양육을 돕고 공무원 가정의건강관리를 위하여 공무원에게 육아휴직 및 가사휴직의 기회를 부여하고, 공무원의 신분보장 및 권익보호를 위하여 직위해제요건을 강화하며, 기타 현행 규정상의 일부 미비점을 개선·보완하려는 것임. 1. 공무원의 인사상 불이익처분에 관한 행정소송은 소청심사위원회의 심사·결정을 거치지 아니하면 이를 제기할 수 없도록 함(안 제16조제2항)2. 종전에는 5급공무원에의 승진임용시 반드시 승진시험을 거치도록 하였으나 앞으로는 승진시험을 거치도록하되, 필요하다고 인정할 때에는 대통령령이 정하는 바에 따라 승진심사위원회의 심사를 거쳐 임용할 수있도록 함(안 제40조제1항 단서)3. 근무성적이 우수한 공무원에게 특별상여수당을 지급하거나 특별승급시킬 수 있도록 하는 근거를 신설하고,공무원보수에 관한 하위법령 위임사항을 현실에 맞게 합리적으로 조정함(안 제47조 및 제51조)4. 공무원이 1세미만의 자녀를 양육하기 위하여 필요한 때에는 1년이내의 무급육아휴직을 허용하도록 함(안제71조제2항제4호 및 제72조제7호)5. 공무원이 사고 또는 질병등으로 장기간의 療양을 요하는 부모,배우자, 자녀 또는 배우자의 부모의 간호를위하여 필요한 때에는 1년이내의 무급가사휴직을 허용하되, 가사휴직기간은 재직기간중 총3년을 초과하지아니하도록 함(안 제71조제2항제5호 및 제72조제8호)6. 공무원이 형사사건으로 기소된 경우에 종전에는 반드시 직위해제하도록 하였으나 앞으로는 직위를 부여하는 것이 적절한지의 여부를 고려하여 직위해제가 필요한 경우에 한하여서만 이를 할 수 있도록 함(안 제73조의2 제1항)7. 헌법재판소 및 중앙선거관리위원회의 경우에도 국회 및 법원과 같이 이 법의 시행에 관하여 필요한 사항을헌법재판소규칙 또는 중앙선거관리위원회규칙으로 정할수 있도록 근거를 둠(안 제2조제4항등) 제170회국회(정기회) 제5차 행정경제위원회(1994.12. 1)상정·의결제170회국회(정기회) 제16차 본회의(1994.12. 2)상정·의결",행정경제위원회,[],,0,
10,140876,소득세법중개정법률안,1994-11-04,의원,1996-05-29,임기만료폐기,김병오,통합민주당,제14대 (1992~1996) 제170회,"金융실명제의 취지에 맞추어 공평과세를 실시하기 위하여 현행 분리과세되고 있는 利자·배당소득과 보험차익을 합산하여 종합과세하고, 과표현실화를 유인할 수 있도록 종합소득세率을 인하하고, 근로자들의 근로소득세부담을 경감하기 위하여 근로소득세를 분리하여 세率을 종합소득세의 세率보다 낮은 수준으로 하고, 배우자 및부양가족공제 등 인적공제액을 인상하고, 의료비·교육비와 보험료공제를 사업소득자와 산림소득자에게도 확대적용하며 결손金의 소급공제와 勞동조합비 공제제도를 신설하고자 함. 1. 현행 종합소득(利자소득·배당소득·불동산소득·사업소득·기타소득)에 金융자산으로부터 발생하는 利자·배당소득과 보험차익을 합산하여 累진과세하기 위해 현재 利자·배당소득에 대하여 분리과세를 규정하고있는 조항을 연간 2,000만원 이하의 金융자산소득에 한해 분리과세를 선택할 수 있도록 수정함 (안 제15조)2. 물가상승과 소득의 자연적인 상승분을 고려하여 근로소득공제 및 기초공제·배우자공제·부양가족공제·장애자공제액을 인상함.가. 근로소득자의 근로소득공제액을 상향 조정하되 근로소득공제액의 50퍼센트는 領수증을 첨부하는 金액을 한도로 공제함(안 제61조)나. 소득세 계산시 모든 소득자에게 적용되는 기초공제金액을 현재 72만원에서 80만원으로, 배우자공제는현행54만원에서 80만원으로, 부양가족공제는 1인당 현행 48만원에서 80만원으로, 장애자공제는 1인당현행 54만원에서 80만원으로, 경로우대공제는 1인당 현행 48만원에서 80만원으로, 부녀자세대주공제는현행 54만원에서 80만원으로 각각 인상함(안 제63조·제64조·제65조·제66조·제66조의4 및 제66조의5)3. 金융실명제 실시에 따른 납세자들의 세부담을 완화하기 위하여 종합소득에 대한 세率을 인하함(안 제70조)표 현행 400만원 이하 5퍼센트에서 600만원 이하 5퍼센트로 400만원∼800만원은 9퍼센트에서 600만원∼1,500만원이 15퍼센트로8 00만원∼1,600만원은 18퍼센트에서 1,500만원∼2,500만원이 25퍼센트로 1,600만원∼3,200만원은 27퍼센트에서 2,500만원∼5,000만원이 30퍼센트로 3,200만원∼6,400만원은 36퍼센트와6,400만원 이이 45퍼센트에서 5,000만원 이상이 38퍼센트로 개편함.4. 근로소득을 종합소득에서 분리하여 별도의 과세표준계층과 세率을 정하고 근로소득세액공제제도는 폐지하여, 세원이 전액 노출되는 근로자의 세부담을 전반적으로 완화하고 소득종류간 세부담의 형평을 도모하고자 함(안 제4조및 제70조) 표 과세표준 400만원 이하는 3퍼센트, 400만원 초과∼800만원 이하는 6퍼센트,800만원초과∼1천600만원 이하는 12퍼센트, 1천600만원 초과∼3천200만원 이하는 18퍼센트, 3천200만원 초과∼6천400만원 이하는 24퍼센트, 6천400만원 초과는 30퍼센트로 신설함.5. 근로자들의 세부담 완화를 위해 무주宅근로자공제·맞벌이부부특별공제·勞동조합비공제를 인상하거나 신설함.가. 총급여액이 연 1,500만원 이하 무주宅근로자로서 세대주인 배우자 또는 부양가족이 있는 자에 대해 연200만원을 공제함(안 제61조의5)나. 맞벌이부부특별공제액을 연 54만원에서 80만원으로인상함(안 제61조의6)다. 근로자가 납부하는 勞동조합비를 전액공제하는 조항을 신설함(안 제61조의7)6. 의료비·보험료·교육비공제를 사업소득자와 산림소득자에게도 확대적용하고 공제액을 상향조정함(안 제66조의6·제66조의7 및 제66조의8)7. 소득세率을 인하하더라도 현재 결손 상태인 사업자는 세率인하 혜택을 전혀 얻지 못하는 상황을 감안하여,흑자를 보는 사업자와의 과세공평상 이들 사업자에게도 세率인하혜택을 주고 자金부담을 완화해주기 위하여 결손金의 전년이월(Carry Back)에 의한 환급의 청구제도를 신설하고 결손金의 이월기간을 7년으로 연장함(안 제58조 및 제58조의2)8. 추계조사결정방법을 법제화하고 무기장사업자의 소득 계산시 기장사업자에 비해 30%를 할증적용할 수 있는조항을 신설하여 기장을 통한 성실납세를 유도토록 함(안 제120조)9. 양도소득특별공제를 소비자물가상승을 기준으로 현실화시키고 장기보유특별공제를 폐지하며 양도소득공제는 300만원으로 상향 조정함(안 제23조)10. 양도소득세의 선납제도를 신설하여 보유기간별로기준시가의 1∼3％를 선납한 후 정산할 수 있도록 함(안제91조의1)11. 비상장대법인의 주식양도차익에 대한 세率을 30％로 상향 조정함(안 제70조)12. 사업자의 접대비한도액 계산시 기준출자金액의 한도액을 50억원에서 70억원으로 상향 조정하고 신용카드사용비率 계산시 세金계산서거래분도 신용카드사용과 동일하게 취급하도록 함(안 제50조)13. 사업자의 기부金한도액 계산시 기준출자金액의 한도액을 50억원에서 70억원으로 조정하고 현재 소득金액에서 이월결손金을 차감한 범위 내에서 필요경비에 산입할 수있는 기부金을 전액 필요경비에 산입할 수 있도록 함(안 제49조 및 제48조)",재정경제위원회,"['김병오', '김원길', '김원웅', '박은태', '박일', '박정훈', '박태영', '이경재', '이동근', '이철', '이철', '장재식', '최두환', '김옥두', '김옥천', '김원기', '김인곤', '김장곤', '김종완', '김충조', '김충현', '김태식', '나병선', '남궁진', '류인태', '류인학', '류준상', '문희상', '박계동', '박광태', '박상천', '박석무', '박실', '박지원', '손세일', '신계륜', '신기하', '신순범', '신진욱', '안동선', '양문희', '오탄', '원혜영', '이규택', '이기택', '이길재', '이부영', '이상두', '이석현', '이영권', '이우정', '이원형', '이윤수', '이장희', '이해찬', '이협', '이희천', '임복진', '임채정', '장경우', '장기욱', '장석화', '장영달', '장준익', '정균환', '정기호', '정대철', '정상용', '제정구', '조세형', '조순승', '조순형', '조윤형', '조홍규', '채영석', '최락도', '최욱철', '최재승', '하근수', '한광옥', '한화갑', '허경만', '홍기훈', '홍사덕', '홍영기', '황의성']",남성,1,진보
11,140857,윤락행위등방지법개정법률안,1994-11-01,정부,1994-12-16,수정가결,정부,정부,제14대 (1992~1996) 제170회,윤락행위자를 선도하기 위하여 선도보호시설에 입소시키는 법적근거를 명확히 하고 현실과 맞지 아니한 벌칙을상향조정하는 등 현행법의 미비점을 보완하여 윤락행위 등의 방지와 선도의 효率성을 확보하려는 것임. 1. 20세미만의 윤락행위자에 대하여는 소년부판사가 소년법에 의하여 보호처분을 하는 경우 이 법에 의한 선도보호시설에 위탁하는 처분을 할 수 있도록 하여 윤락행위자의 선도보호시설 입소에 대한 법적근거를 명확히 함(안 제8조제1항)2. 윤락행위를 한 자와 환경과 성행으로 보아 윤락행위를 할 우려가 있는 자중 본인이 희망하는 경우에는 1년의 범위내에서 특별시장·직할시장·도지사가 선도보호시설에 입소시켜 선도보호하는 조치를 할 수 있도록하여 선도보호시설의 입소에 대한 법적 근거를 명확히 함(안 제9조제1항)3. 선도보호시설을 퇴소하는 자로서 사회적응이 곤란하거나 거주할 곳이 없는 자로서 본인이 희망하는 경우 6월의 범위내에서 자립자활시설에서 숙식·직업알선등을 제공하여 사회적응을 용이하게 하도록 함(안 제11조제3호)4. 현재 지방자치단체가 설치·운영하고 있는 부녀상담소와 부녀복지상담원의 법적 근거를 마련함으로써 안정적이고 효과적인 업무를 할 수 있도록 함(안 제14조제1항 및 제15조제1항)5. 윤락행위자 등에 대한 벌칙을 강화함으로써 법의 실효성을 확보하고자 함(안 제24조·제25조 및 제26조제3항) 요보호자의 정의가 너무 포괄적이고 추상적이므로 보다 명확히 함으로써 법 적용상의 신중을 기하고 요보호자를 일시보호소에서 보호하는 경우에도 본인 또는 법정대리인의 동의를 얻도록 함으로써 요보호자의 권익을 보호함.□ 수정주요골자1. 요보호자의 정의를 윤락행위의 상습이 있는 자와 환경 또는 성행으로 보아 윤락행위를 하게 될 현저한 우려가 있는 자로함(안 제2조제2호)2. 요보호자를 일시보호소에서 보호하는 경우 본인 또는 법정대리인의 동의를 얻도록 함(안 제9조제1항 및 제2항) 제170회국회(정기회) 제6차 보건사회위원회(1994.12. 9)상정· 질의·답변·소위회부제170회국회(정기회) 제7차 보건사회위원회(1994.12.14)소위심사보고·의결제170회국회(정기회) 제19차 본회의(1994.12.16)상정·의결1. 소수의견20세미만 윤락행위자에 대한 보호처분에 의한 선도보호시설위탁처분을 규정한 안 제8조의 실효성이 전혀없음.,보건사회위원회,[],,0,
12,140846,교육공무원법중개정법률안,1994-11-01,정부,1994-12-15,원안가결,정부,정부,제14대 (1992~1996) 제170회,"교사의 신규채용을 위한 공개전형을 실시함에 있어서 채용후 그가 담당할 직무를 적절히 수행할 수 있는 교원을 확보하기 위하여 응시자의 연령 기타 자격요건을 정할 수 있는 근거를 마련하고, 교육법의 개정으로 대학의장의 명칭을 총장 또는 학장중 선택하여 사용할 수 있도록 됨에 따라 현재 학장 또는 총장으로 재직중인 대학의 장을 그 임기중에 총장 또는 학장으로 임용하는 경우에는 당해 대학의 추천을 생략할 수 있도록 하며, 교육공무원의 복지를 향상시키기 위하여 자녀의 양육 또는 가족의 간병이 필요한 경우에 휴직을 할 수 있도록 하고, 교육공무원인 교원이 인사상의 불이익처분에 관한 행정소송을 제기하고자 하는 경우에는 미리 교원징계재심위원회의 심사·결정을 거치도록 하려는 것임. 1. 교사의 신규채용을 위한 공개전형에 있어서 지속적인 능력발전을 도모할 수 있는 유능한 교원을 확보하기위하여 필요하다고 인정되는 경우에는 응시년령 기타 자격요건을 대통령령으로 정할 수 있도록 함(안 제11조제2항)2. 현재 학장 또는 총장으로 재직중인 대학의 장을 그 임기중에 총장 또는 학장으로 임용하는 경우에는 당해대학의 추천을 생략하고 교육부장관의 제청으로 대통령령이 임용할 수 있도록 하되, 그 임기는 그의 잔임기간으로 하도록 함(안 제24조제1항 및 제28조)3. 교육공무원이 1세미만의 자녀를 양육하거나 사고 또는 질병등으로 장기간의 療양을 요하는 부모, 배우자,자녀 또는 배우자의 부모의 간호를 위하여 필요한 경우에 1년이내의 무급의 육아 또는 가사휴직을 허용할수 있도록 함(안 제44조제1항 및 제45조제1항)4. 교육공무원인 교원의 인사상의 불이익처분에관한 행정소송은 교원징계재심위원회의 심사·결정을 거치지아니하면 이를 제기할 수 없도록 함(안 제53조제1항) 제170회국회(정기회) 제6차 교육위원회(1994.12. 8)상정·대체토론·소위원회회부제170회국회(정기회) 제7차 교육위원회(1994.12.12)소위원회심사보고·의결제170회국회(정기회) 제18차 본회의(1994.12.15)상정·의결",교육위원회,[],,0,
13,140564,성폭력범죄의처벌및피해자보호등에관한법률안,1993-12-17,위원장,1993-12-17,원안가결,위원장,위원장,제14대 (1992~1996) 제165회,"최근 각종 성폭력범죄가 흉폭화·집단화·지능화·저년령화되고 있을 뿐만 아니라 전화·컴퓨터를 이용한 음란행위 등 새로운 유형의 성폭력범죄가 빈발하여 기존의 법체계로는 적절히 대처하기 어려우므로 성폭력범죄에대한 처벌규정을 신설 또는 강화하고 성폭력범죄에 대하여는 수사·재판 등 사법처리절차에 있어서 특례를 인정하도록 하며 성폭력피해상담소 및 성폭력피해자보호시설을 설치·운영하도록 함으로써 특히 여성과 미성년자를 성폭력범죄의 위협으로부터 보호하고 건전한 사회질서를 확립하려는 것임. 1. 존속 등 연장의 친족에 의한 강간·추행과 신체장애자에 추행을 처벌하도록 하고 이를 모두 비친고죄로 함(안 제7조·제8조 및 제15조)2. 전화·우편·컴퓨터 emd 통신매체를 이용한 음란행위와 버스·지하철·극장 등 공중밀집장소에서의 추행을처벌하도록 하고 이를 친고죄로 함(안 제13조·제14조 및 제15조)3. 성폭력범죄를 범한 자에 대하여 선고유예 또는 집행유예를 할 때에는 일정기간 보호관찰을 명할 수 있도록하고, 성폭력범죄를 사회보호법에 의한 보호감호대상범죄로 보도록 함(안 제16조 및 제17조)4. 성폭력범죄에 대하여는 직계비속에 대한 고소제한과 6개월의 고소기간제한에 대한 예외를 인정하도록 함(안 제18조 및 제19조)5. 성폭력범죄에 대하여는 특정강력범죄의처벌에관한특례법의 일부규정을 준용하도록 함(안 제20조)6. 성폭력범죄의 수사 또는 재판에 관여하는 자는 피해자의 신원과 사생활비밀을 누설하지 못하도록 하고, 피해자의 신청이 있으면 성폭력범죄에 대한 심리를 비공개 할 수 있도록 함(안 제21조 및 제22조)7. 성폭력범죄를 예방하고 성폭력피해자를 보호하기 위하여 성폭력피해상담소 및 성폭력피해자보호시설을 설치·운영할 수 있도록 함(안 제23조 내지 제32조) 제165회국회(정기회) 제18차 법제사법위원회(1993.12.16)대안제안제165회국회(정기회) 제22차 본회의(1993.12.17)상정·의결",법제사법위원회,[],,0,
14,140443,고용정책기본법안,1993-10-20,정부,1993-12-01,원안가결,정부,정부,제14대 (1992~1996) 제165회,"산업구조의 고도화, 생산시설의 자동화, 국내외 경기의 변동등에 따라 급변하는 고용 사정에 효율적으로 대처하여 경쟁력을 잃어가는 생산성이 낮은 산업의 실업자가 성장산업으로 이동할 수 있도록 지원하고, 근로자의직업능력을 지속적으로 개발·향상시키며, 인력不족업체에 대한 가용인력의 공급을 확대하는 등 보다 적극적인고용정책의 실시근거를 마련하려는 것임. 1. 국가는 근로자가 직업능력을 최대한 개발·발휘하도록 지원하고, 노동력의 수급균형에 필요한 시책을 종합적으로 추진하도록 함(안 제4조)2. 노동부장관은 관계중앙행정기관의 장과 협의하여 고용정책에 관한 중·장기기본계획을 수립·시행하도록하고, 고용에 관련된 주요시책을 종합적으로 심의·조정하기 위하여 노동부에 고용정책심의회를 설치함(안제5조 및 제6조)3. 지역별로 직업안정기구를 설치하여 고용정보의 수집·분석 또는 배포기능을 강화하고, 국민에게 고용정보의 제공, 직업지도, 취업알선, 직업능력개발의 지원 등 종합적인 고용서비스를 제공하도록 함(안 제 7조)4. 노동부장관은 고용정보의 수집·관리와 직업에 관한 조사·연구를 하여 구직자·기업·교육기관 또는 훈련기관 등에게 제공하고, 노동력의 수급동향 및 전망 등을 매년 작성·공표하도록 함(안 제8조 내지 제10조)5. 국가는 직업능력개발체제를 확립하여 학생 등에게 직업지도를 받을 수 있는 기회를 제공하고, 근로자가 직업생활의 전기간에 걸쳐 그 능력을 개발할 수 있도록 지원하며, 직업능력평가제도를 확충·보급하도록 함(안 제11조 내지 제14조)6. 구직자에게 고용정보를 제공하고 직업지도를 하여 적성과 능력에 알맞는 직업을 선택할 수 있도록 하며,특히 고령자·장애인·여성 또는 청소년등의 고용촉진을 위하여 직업능력의 개발·향상에 필요한 지원을하도록 함(안 제15조 내지 제18조)7. 국가 및 지방자치단체는 실업자 등에게 고용촉진을 위한 직업훈련을 직업안정기관의 장에게 위임할 수 있도록 함(안 제31조) 제165회국회(정기회) 제8차 노동위원회(1993.11.25)상정제165회국회(정기회) 제9차 노동위원회(1993.11.30)소위원회회부·심사제165회국회(정기회) 제10차 노동위원회(1993.12.1)소위원장심사보고·의결제165회국회(임시회) 제18차 본회의(1993.12.1)",노동위원회,[],,0,
15,140239,일제하일본군위안부에대한생활안정지원법안,1993-05-07,정부,1993-05-18,원안가결,정부,정부,제14대 (1992~1996) 제161회,"한·일 양국간 현안과제의 하나인 일제하 일본군위안부문제를 보다 적극적으로 해결하기 위하여, 우리 정부는일본에게 정부차원의 金전적 보상은 요구하지 아니하되, 이 문제에 대한 철저한 진상규명과 후속조치를 촉구하는 한편, 국내적으로는 생활이 어려운 피해자를 국가가 직접 구호하기로 결정함에 따라 이들의 보호·지원에필요한 사항을 정하려는 것임. 1. 이 법의 적용대상자는 일제에 의하여 강제동원되어 일본군위안부생활을 한 자중 생존자로 함(안 제2조)2. 이 법의 적용대상자가 되고자 하는 자는 보건사회부장관에게 등록을 신청하고, 보건사회부장관은 일군위안부생활안정지원심의위원회의 심의를 거쳐 이 법의 적용대상자 여부를 결정함(안 제3조)3. 이 법의 적용대상자로 결정·등록된 자에게는 생활보호법에 의한 생활보호와 의료보호법에 의한 의료보호를 하는 외에 생활안정지원金을 지급하도록 함(안 제4조)4. 국가, 지방자치단체등은 이 법의 적용대상자중 무주宅자에게 주宅건설촉진법에 의하여 건설하는 임대주宅을 우선 임대하도록 함(안 제5조)5. 이 법의 적용대상자의 보호와 지원에 관하여 필요한 사항등을 심의하기 위하여 보건사회부에 일군위안부생활안정지원심의위원회를 둠(안 제6조)6. 생활안정지원金의 지급에 소요되는 비용은 국가가 부담하도록 함(안 제10조) 제161회국회(임시회) 제1차 보건사회위원회(1993.5.10)상정·소위원회회부제1차 소위원회(1993.5.14)제161회국회(임시회) 제5차 보건사회위원회(1993.5.17)소위원장 보고·의결제161회국회(임시회) 제10차 본회의(1993.5.18)상정·의결",보건사회위원회,[],,0,
16,140133,소득세법중개정법률안,1992-11-02,의원,1992-11-19,폐기,장재식,통합민주당,제14대 (1992~1996) 제159회,"임金수준의 자연적인 상승추세에 따라 근로소득공제·기초공제등의 각종 공제액을 상향조정하고,의료비공제 근로소득세공제등에 있어서 제한요건을 삭제하여 근로소득자들에게 보다 실질적인 혜택을 주도록 하며,맞벌이부부공제·교통비공제·노동조합비공제등을 신설하여 근로소득자의 세부담을 보다 경감하도록 하고,근로소득을종합소득에서 분리하여 별도로 저率과세함으로써 근로소득과 다른 소득과의 소득종류간 세부담의 형평을 도모하며,결손金의 전년이월제도를 도입함으로써 경영애로를 겪고 있는 납세자들을 보다 충실하게 지원하려는 것임. 1. 근로소득자의 세부담을 경감하기 위하여 다음과 같이 근로소득공제金액등을 인상하고 일부 특별공제제도를확대·신설함가. 근로소득자의 과세소득金액 계산시 필요경비로 인정하여 공제하여 주는 근로소득공제金액을 230만원내지 490만원에서 260만원 내지 630만원으로 상향조정함(안 제61조제1항)나. 근로자가 본인 또는 동거가족을 피보험자로 하는 보험의 보험료를 지급한 경우 현재는 연 24만원 한도내에서 공제하여 주고 있는 것을 앞으로는 연 50만원까지 공제하여 주도록 함(안 제61조의2제1항)다. 근로자가 본인 또는 부양가족을 위하여 지출한 의료비가 있는 경우 현재는 당해년도 총급여액의 100분의 3을 초과하는 금액에 대하여 연 100만원의 한도내에서 공제하여 주고 있으나 이100분의 3이라는 제한요건을 삭제하여 앞으로는 보다 실질적인 의료비공제혜택을 줄 수 있도록 하고,동거하고 있는 노부모를 위하여 지급한 의료비에 대하여는 한도에 관계없이 전액을 공제하도록 함(안 제61조의3제1항)라. 무주宅근로자에 대한 공제액을 100만원에서 200만원으로 인상함(안 제61조의5제1항)마. 맞벌이를 하는 주부근로자에 대하여는 주부의 취업으로 인하여 추가적 가사비용이 소요되는 점을 참작하여 연 60만원을 공제하여 주는 맞벌이부부공제제도를 신설함(안 제61조의6)바. 근로자가 교통비를 지급한 경우 연 30만원을 공제해 주는 교통비공제제도를 신설함(안 제61조의7)사. 근로자가 노동조합비를 지급한 경우 이를 공제해 주는 노동조합비공제제도를 신설함(안 제61조의8)아. 본인에 대한 인적공제인 기초공제金액을 연 48만원에서 연 60만원으로 인상함(안 제63조제1항)자. 배우자공제金액을 연 54만원에서 연 60만원으로 인상함(안 제64조 제1항)차. 부양가족공제金액을 연 48만원에서 연 50만원으로 인상함(안 제65조제1항)카. 근로소득金액에 대한 종합소득세 산출세액에서 20퍼센트에 상당하는 金액을 연간 50만원 한도내에서공제하여 주는 근로소득세액공제제도는 현재 연간 총급여액이 3천600만원이하인 자에 대하여만 적용하고 있으나 앞으로는 모든 근로자에 대하여 적용하도록 함(안 제78조의2)2. 근로소득을 종합소득에서 분리하여 별도의 과세표준계급과 세率을 정함으로써 근로소득증가에 따른 세부담의 누진도를 완화하고 소득종류간 세부담의 형평을 도모하도록 함(안 제70조제2항)가. 과세표준 0∼300만원이하 3％나. 300만원∼700만원이하 8％다. 700만원∼1,400만원이하 15％라. 1,400만원∼2,800만원이하20％마. 2,800만원∼5,500만원이하 25％바. 5,500만원초과 30％3. 결손金이 발생한 경우 현재는 향후 5년이내에 이월하여 당해년도의 소득金액계산에 있어서 이를 공제하도록 하고 있으나,앞으로는 이를 향후 5년뿐만 아니라 전1년에도 이월하여 공제할 수 있도록 함(안 제133조의2) 제159회국회(정기회) 제8차 재무위원회(1992.10.30)상정제159회국회(정기회) 제12차 재무위원회(1992.11.18)의결제159회국회(정기회) 제16차 본회의(1992.11.20)보고",재무위원회,"['장재식', '김원길', '김태식', '류준상', '박은태', '박일', '박태영', '이동근', '최두환', '홍영기', '김병오', '김봉호', '김상현', '김영배', '김영진', '김옥두', '김옥천', '김원기', '김원웅', '김인곤', '김장곤', '김종완', '김충조', '김충현', '나병선', '류인태', '류인학', '문희상', '박계동', '박광태', '박상천', '박석무', '박실', '박정훈', '박지원', '손세일', '신계륜', '신기하', '신순범', '신진욱', '안동선', '양문희', '오탄', '원혜영', '이경재', '이규택', '이기택', '이길재', '이부영', '이석현', '이영권', '이우정', '이원형', '이윤수', '이장희', '이철', '이해찬', '이협', '이희천', '임복진', '임채정', '장기욱', '장석화', '장영달', '장준익', '정균환', '정기호', '정대철', '정상용', '제정구', '조세형', '조순승', '조순형', '조홍규', '채영석', '최락도', '최재승', '하근수', '한광옥', '한화갑', '허경만', '홍기훈', '홍사덕', '황의성']",남성,1,진보
17,140129,성폭력행위처벌등에관한법률안,1992-10-31,의원,1993-12-17,대안반영폐기,변정일,신한국당,제14대 (1992~1996) 제159회,"도시화·개방화의 물결에 따라 현재의 우리사회에 있어 여성과 미성년자에 대한 성폭력범죄는 날로 흉폭화·집단화·지능화되어가고 있으며, 최근에는 음란전화, 컴퓨터를 이용한 음란영상송부등 새로운 유형의 성폭력범죄가 빈발하고 있어 더 이상 방치할 수 없는 사회문제가 되고 있으나, 기존의 형사법체계나 단순한 가중처벌법의제정만으로는 우리사회에 만연한 성폭력에 대해 적절히 대처할 수 없게 되었음.따라서 신종성폭력범죄에 대한 처벌규정을 두는 외에 성폭력예방 및 피해자보호대책을 마련함으로써, 여성과미성년자를 성폭력의 위험으로부터 보호하고 건전한 사회질서를 확립하려는 것임. 1. 중강제추행, 특수중강제추행죄등에 대하여는 가중처벌하도록 함(안 제3조·제4조)2. 존속 또는 연장자의 친족관계(사실상의 관계 포함)인 지위를 이용하여 간음 또는 중추행한 자와 계속적 계약관계나 지휘·감독관계등 직장에서의 지위를 이용하여 간음·추행한 자를 처벌하고(안 제5조·제6조),성기로출, 음란한 언어·음향·문서·도서·영상 기타 물건을 사용하여 성적 혐악감을 일으키게 한 자를처벌함(안 제9조)3. 전화,우편,컴퓨터 등 통신매체를 이용한 음란행위와 성적 욕구를 자극하거나 충족할 목적으로 버스, 지하철,극장,공연장 등 공중밀집장소에서의 추행행위에 대해서 처벌함(안 제10조·제11조)4. 성폭력범죄자에 대해 6월 범위내에서 교정교육에 참가케 하는 처분를 병과할 수 있게 하고, 일정한 범죄에대해서는 사회보건법상의 보호감호처분을 할 수 있게 하며, 형의 집행유예선고시에는 반드시 보호관찰명령을 하게 함(안 제13조 내지 제15조)5. 성폭력범죄에 대해서는 형법 제296조·제306조의 친고죄 규정을 배제하여 고소 없이 소추할 수 있게 하고,다만 중강제추행죄등 일정한 범죄에 대해서는 반의사不벌죄로 함(안 제18조)6. 성폭력피해자를 보호하기 위하여 피해자의 대리인제도, 심리의 비공개, 증거능력에 대한 형사소송법상의특례, 수사 또는 재판담당 공무원의 피해자에 대한 신원과 사생활비밀 누설금지, 국가의 피해자에 대한 배상의무 등을 규정함(안 제20조 내지 제25조)7. 국가 및 지방자치단체는 성폭력을 예방하고 피해자를 보호할 의무가 있음을 선언하고, 국무총리실에 성폭력대책특별위원회를 설치하도록 하며, 피해자보호시설 등을 설치·운영하도록 함(안 제26조 내지 28조) 제159회국회(정기회) 제9차 법제사법위원회(1992.11.9)상정·형법안심사소위원회 회부제165회국회(정기회) 제2차 형법안심사소위원회(1993.12.15)원안폐기·대안의결제165회국회(정기회) 제18차 법제사법위원회(1993.12.16)형법안심사소위원회 심사보고·원안폐기·대안의결제165회국회(정기회) 제22차 본회의(1993.12.17)보고",법제사법위원회,"['변정일', '김두섭', '김범명', '김정남', '김진영', '김해석', '김효영', '문창모', '박제상', '손승덕', '송광호', '송영진', '원광호', '윤영탁', '윤항열', '이건영', '이학원', '이호정', '정몽준', '정장현', '정주영', '정주일', '정태영', '조순환', '조일현', '차수명', '차화준', '최영한']",남성,0,보수
18,140049,소득세법중개정법률안,1992-10-02,정부,1992-11-20,수정가결,정부,정부,제14대 (1992~1996) 제159회,"임金수준의 전반적인 상승, 소득계층구조의 변화와 정부의 임金안정화 시책 등을 감안하여 중산층 이하 소득자의 세부담을 경감함으로써 소득종류간·계층간의 세부담의 형평을 기하는 한편, 개인 신규사업자에 대하여 소득세중간예납 신고의무를 면제하는 등 납세절차를 간소화하여 납세편의를 도모하려는 것임. 1. 근로자의 소득세부담을 덜어주기 위하여 다음과 같이 근로소득공제金액을 인상하고 일부 특별공제제도를확대·신설함.가. 근로소득자의 과세소득金액 계산시 필요경비로 인정하여 공제하여 주는 근로소득공제金액을 230만원내지 490만원에서 250만원 내지 600만원으로 상향조정함(안 제61조제1항)나. 근로자가 본인 또는 동거가족을 피보험자로 하는 보장성보험의 보험료를 지급한 경우 현재는 연 24만원 한도 내에서 공제하여 주고 있는 것을 앞으로는 연 50만원까지 공제하여 주도록 함(안 제61조의2)다. 근로자가 본인 또는 부양가족을 위하여 지출한 의료비가 있는 경우 현재는 연 100만원 한도 내에서 공제하여 주고 있는 것을 앞으로는 동거하고 있는 노부모에 대한 의료비와 장애인의 재활을 위한 의료비는 한도에 관계없이 전액을 공제하도록 함(안 제61조의3제2항)라. 맞벌이를 하는 주부근로자의 경우 주부의 취업으로 인하여 추가적 가사비용이 소요되는 점을 참작하여년 54만원을 공제하여 주는 특별공제제도를 신설함(안 제61조의6)마. 본인에 대한 인적공제인 기초공제金액을 연 48만원에서 연 60만원으로 인상함(안 제63조)바. 근로소득金액에 대한 종합소득세 산출세액에서 20퍼센트에 상당하는 금액을 연간 50만원 한도내에서공제하여 주는 근로소득세액공제제도는 현재 연간 총급여액이 3천600만원이하인 자에 대하여만 적용하고 있으나 앞으로는 모든 근로자에게 적용하도록 함(안 제78조의2)2. 소득세 누진부담을 완화하기 위하여 소득세세率구조를 최저세率 5퍼센트와 최고세率 50퍼센트는 그대로 두되 다음과 같이 현행 5단계를 6단계로 1단계를 더 늘림으로써 중산층이하 납세자들의 소득증가에 따른 세부담의 누진도를 완화하고 소득계층간 세부담의 적정을 기하도록 하며,그동안 소득수준이 높아진 점을 참작하여 최고세率이 적용되는 과세표준계급을 5천만원초과에서 6천400만원초과로 상향조정함(안 제70조제1항)가. 현행 0∼400만원 이하 세率 5％는 그대로 적용나. 현행 400∼1,000만원 이하 세率 16％에서 400∼800만원 이하 10％로 조정다. 현행 1,000∼2,500만원 이하 27％에서 800∼1,600만원 이하 20％로 조정라. 현행 2,500∼5,000만원 이하 38％에서 1,600∼ 3,200만원 이하 30％로 조정마. 5,000만원초과 50％에서 3,200∼6,400만원 이하 40％ 및 6,400만원 초과 50％로 조정3. 다음과 같이 납세절차를 간소화하고 납세편의를 높이도록 함가. 개인이 신규로 사업을 개시하는 경우 현재는 그 사업개시년도에도 소득세 중간예납세액을 신고·납부하되어 있으나 앞으로는 신규사업자에 대하여는 중간예납절차를 생략하여 소득세 확정신고시 일괄하여신고·납부하도록 함(안 제83조 및 제85조)나. 이자·배당소득등에 대한 소득세를 원천징수함에 있어서 세액이 100원 미만인 경우에는 징수하지 아니하도록 하고 있는 바, 그 소액不징수金액을 500원 미만으로 상향조정함(안 제132조)다. 연간 수입金액이 2억5천만원 이상인 개인사업자는 사업에 관한 거래상황을 복식부기에 의하여 기장하도록 의무화하고 있는 바, 앞으로는 그 복식부기의무자의 연간 수입金액기준을 3억원이상으로 상향조정함(안 제184조)4. 다음과 같이 이자·배당소득에 대한 과세제도를 보완함.가. 중소기업간의 상호부조를 위하여 중소기업협동조합중앙회가 운용하고 있는 중소기업공제사업기金에 공제부金을 불입한 자에게 동 중앙회가 지급하는 공제부金리자와 인삼협동조합이 지급하는 예金리자·배당에 대하여 현재는 소득세를 25퍼센트 원천징수한 후 종합과세하여 정산하고 있으나 앞으로는 이들리자와 배당에 대하여도 일반 金융기관이 지급하는 예金리자와 마찬가지로 원천징수(20퍼센트)만으로과세종결 처리하도록 함(안 제144조)나. 장외등록법인으로부터 당해 법인의 주주가 지급받는 배당소득에 대하여 현재는 25퍼센트 원천징수한후 종합과세하여 정산하고 있으나, 앞으로는 주식장외시장의 활성화를 위하여 장외등록법인중 중소기업 등의 법인으로부터 지급받는 배당소득에 대하여는 상장법인으로부터 당해 상장법인의 주주가 지급받는 배당소득과 마찬가지로 소액주주의 배당소득에 대하여는 20퍼센트 원천징수만으로 과세종결 처리하고 대주주의 배당소득에 한하여 20퍼센트 원천징수한 후 종합과세하여 정산하도록 함(안 제144조)  및 주요골자1. 서화·골동품에 대한 과세 그 자체는 당연하고도 바람직한 것이나 아직도 경매제도 등 합리적인 유통구조가 정착되지 못하고 있고 가격표시제의 미정착,업계의 영세성등으로 말미암아 거래내용의 파악이 매우 곤란한 실정에 있을 뿐 아니라 서화·골동품에 대한 일시적 투기 풍조도 진정되고 있는 점 등을 감안하여 그과세시기를 3년간 유예함(법률 제4218호 소득세법중개정법률 부칙 제1조 단서)2. 일부 자구를 수정함(안 부칙 제7조) 제159회국회(정기회) 제8차 재무위원회(1992.10.30)상정·소위구성제159회국회(정기회) 제9∼10차 재무위원회(1992.11.2∼3)질의·답변제159회국회(정기회) 제12차 재무위원회(1992.11.18)소위심사보고·토론·의결제159회국회(정기회) 제16차 본회의(1992.11.20)상정·의결",재무위원회,[],,0,
19,140026,성폭력행위의처벌과피해자보호등에관한법률안,1992-07-22,의원,1993-12-17,대안반영폐기,박상천,통합민주당,제14대 (1992~1996) 제157회,"1. 우리 사회의 개방화, 도시화 추세, 그리고 민생치안의 파탄 등으로 여성과 미성년자에 대한 성폭력범죄는날로 흉포화, 집단화, 지능화하고 있어서 단란한 가정을 파괴함은 물론 이제는 범죄자들의 치부를 위한 유괴·인질범죄와 결합하여 여성과 미성년자 납치, 인신매매 등이 끊이지 아니하고 있음.다른 한편, 전화·컴퓨터 등을 이용하여 여성에 대하여 성적 해악을 고지하거나 음란한 언어, 영상을 송부하는 등의 새로운형태의 성폭력행위가 가정에 침투하는 등 그 범죄유형 또한 다양화하고 있어서 이제 가정도 여성의 평안과자녀의 정서를 보호하기 어렵게 되어가고 있음.2. 이러한 사회상황에 효율적으로 대처하기 위하여 이 법안을 제안하는바, 이 법안을 성안함에 있어서 다음두 가지 점에 특히 유의하였음. 그 하나는 성폭력에 대한 대처는 단순한 가중처벌법 제정만으로는 어렵고종합대책이 필요하다는 점임. 이 법안의 흉포화, 지능화한 성폭력범죄에 대한 가중처벌과 신종 성폭력범죄에 대한 처벌규정을 두는데 그치지 아니하고, 성폭력범죄의 수사와 재판절차에서 피해자의 비밀보장을 위한 형사소송상의 특례와 피해자가 용이하게 피해배상을 받을 수 있도록 하는 민사소송특례를 규정하고, 성폭력의 예방과 상담, 피해자보호시설 등에 관한 행정적 사항을 규정한 이유가 여기에 있음. 이 때문에 이법안은 형사처벌법규와 민형사소송법규에 대한 특례 그리고 행정법규가 포괄된 특별법이 되었음. 다른 하나는, 이러한 특별법에 의한 규제가 지나쳐서 자유사회의 다양성과 민주법치국가의 형사법 등이 지녀야 할원칙을 훼손하여서는 안된다는 점임. 성폭력예방을 위하여 영화, TV, 비디오, 신문 기타 출판물의 음란성에 대한 규제가 필요한 것은 사실이나 이는 언론.출판의 자유와 충돌하여서는 안되기 때문에 다른 법률에맡기고, ‘직장에서의 지위 등을 이용한 간음·추행죄’나 ‘성적모욕죄’ 그리고 피해자의 진술서 등의증거능력을 대한 규정에 신중을 기하려고 노력한 이유가 여기에 있음.3. 우리사회가 개방사회, 다양성이 확보되는 자유사회로 나아가되 건전한 사회, 특히 여성과 청소년의 인권이실질적으로 보장되는 사회로 발전할 수 있도록 이 법안이 채택되기를 기대함. 1. 성폭력범죄를 성폭력행위 이외에 이를 방조 또는 조장하는 행위, 성폭력을 목적으로 하는 행위중 이 법이규정하는 범죄로 확대함(안 제2조)2. 특수강간·특수강제추행죄의 확대도입, 간음·추행·추업을 목적으로 하는 약취·유인에 대한 처벌강화 등흉포화·집단화·지능화된 성폭력범죄를 가중처벌하도록 함(안 제3조·제4조 및 제5조)3. 중강제추행, 직장에서의 지위 등을 이용한 간음·추행, 성적 해악의 고지, 성적 모욕, 통신매체를 이용한음란해위등 신종 성폭력행위에 대응하는 처벌규정을 신설함(안 제6조 내지 제11조)4. 미성년자를 대상으로 하는 음란행위 등에 대한 가중처벌규정을 신설함(안 제12조)5. 성폭력범죄를 비친고죄로 하되, 이 중 강간죄·강제추행죄 등은 반의사불벌죄로 함(안 제13조)6. 성폭력범죄자에 대한 보호감호, 필요적 보호관찰등 성폭력범죄에 대한 사후관리제도를 도입함(안 제14조및 제15조)7. 피해자대리인제도 비공개조사청구권, 비공개재판청구권, 신변안전조치청구권, 재정신청권, 사생활비밀의누설금지, 배상명령제도의 확대적용 등 성폭력피해자의 비밀보장과 피해보상을 위한 소송상의 특례를 신설함(안 제16조 내지 제25조, 제34조 및 제35조)8. 성폭력대책위원회의 설치, 성폭력상담소와 성폭력피해자보호시설의 설치·운용, 국가의 피해보상 및 무료치료, 관련민간단체에 대한 지원등 국가·지방자치단체의 의무와 성폭력예방을 위한 민간단체에 관한 사항을 규정함(안 제26조 내지 제33조) 제159회국회(정기회) 제8차 법제사법원회(1992.11.3)상정,형법안심사소위원회 회부제165회국회(정기회) 제2차 형법안심사소위원회(1993.12.15)원안폐기·대안의결제165회국회(정기회) 제18차 법제사법위원회(1993.12.16)형법안심사소위원회 심사보고·원안폐기·대안의결제165회국회(임시회) 제22차 본회의(1993.12.17)보고",법제사법위원회,"['박상천', '강창성', '강철선', '강희찬', '국종남', '권노갑', '김대중', '김덕규', '김말룡', '김명규', '김병오', '김봉호', '김상현', '김영배', '김영진', '김옥두', '김옥천', '김원기', '김원길', '김원웅', '김인곤', '김장곤', '김종완', '김충조', '김충현', '김태식', '나병선', '류인태', '류인학', '류준상', '문희상', '박계동', '박광태', '박규식', '박석무', '박실', '박은태', '박일', '박정훈', '박지원', '박태영', '손세일', '송천영', '신계륜', '신기하', '신순범', '신진욱', '안동선', '양문희', '오탄', '원혜영', '이경재', '이규택', '이기택', '이길재', '이동근', '이부영', '이석현', '이영권', '이우정', '이원형', '이윤수', '이장희', '이철', '이해찬', '이협', '이희천', '임복진', '장기욱', '장석화', '장영달', '장재식', '장준익', '정균환', '정기호', '정대철', '정상용', '제정구', '조세형', '조순승', '조순형', '조홍규', '채영석', '최두환', '최락도', '최재승', '하근수', '한광옥', '한영수', '한화갑', '허경만', '홍기훈', '홍사덕', '홍영기', '황의성']",남성,1,진보
20,140018,성폭력예방및규제등에관한법률안,1992-07-13,의원,1993-12-17,대안반영폐기,강선영,신한국당,제14대 (1992~1996) 제157회,"현재 우리사회의 성폭력범죄는 더 이상 방치할 수 없을 정도로 심각하게 여성의 삶을 위협할 뿐만 아니라 한가정 나아가 사회전체를 황폐하게 만드는 사회적 범죄이므로 이를 근절하기 위해 성폭력범죄자에 대한 처벌을선진국 수준으로 대폭 강화하고 고소기간을 크게 늘리는 동시에 성폭력범죄자에 대해서는 피해자의 고소 없이도 처벌할 수 있도록 하여 여성을 성폭력의 위험으로부터 보호하려는 것임. 1. 국가와 지방자치단체는 성폭력으로부터 여성을 보호하고 청소년들에게 올바른 성교육을 실시할 의무가 있음을 천명함(안 제3조)2. 국가 또는 지방자치단체는 성폭력피해자의 보호시설을 설치·운영할 수 있도록 하고 사회복지법인 기타 비영리법인도 관할관청의 허가를 받아 보호시설을 설치·운영할 수 있도록 함(안 제4조)3. 중강제추행 또는 특수중강제추행죄 등에 대하여는 가중처벌하도록 함(안 제17조·제18조)4. 직장에서 감독 또는 보호하는 지위를 이용하여 추행하거나 직장에서 여성을 추행한 자에 대하여도 처벌함(안 제22조)5. 버스, 지하철, 극장 등에서 성적욕망을 충족시킬 목적으로 여성에게 추행을 하거나 음란전화, 음란우편물,성기로출행위에 대하여 처벌함(안 제23조 내지 제25조)6. 고소기간을 6월에서 1년으로 연장하고, 직계존속에 대하여도 성폭력범죄에 한하여 고소할 수 있도록 함(안제29조·제30조) 제159회국회(정기회) 제8차 법제사법위원회(1992.11.3)상정·형법안심사소위원회 회부제165회국회(정기회) 제2차 형법안심사소위원회(1993.12.15)원안폐기·대안의결제165회국회(정기회) 제18차 법제사법위원회(1993.12.16)형법안심사소위원회 심사보고·원안폐기·대안의결제165회국회(정기회) 제22차 본회의(1993.12.17)보고",법제사법위원회,"['강선영', '주양자', '곽정출', '김영광', '김영일', '남평우', '문정수', '박헌기', '박희태', '배명국', '양창식', '오장섭', '유수호', '이인제', '이환의', '정상천', '조진형', '함석재', '현경대', '황윤기']",여성,2,보수
21,140013,형법개정법률안,1992-07-07,정부,1995-12-02,대안반영폐기,정부,정부,제14대 (1992~1996) 제157회,"1953년 형법 제정이래 정치·경제·사회등 모든 영역의 발전과 윤리의식의 변화로 발생한 법규범과 현실과의괴리를 해소하고,우리사회의 산업화·정보화의 추세에 따른 컴퓨터범죄등 신종범죄에 효율적으로 대처하여 국민생활의 안정을 도모함과 아울러 그간 제정된 폭력행위등처벌에관한법률등 각종 형사특별법을 통합·재조정하려는 것임. 1. 기본권보장에 관한 헌법정신의 구현가. 기본권 인권을 최대한 보장하고 자의적 법적용을 배제하기 위하여 헌법규범인 죄형법정주의를 형법에서도 명시함(안 제1조)나. 인류의 공적인 중대범죄에 공동대처하려는 세계주의에 입각,외국인이 외국에서 저지른 항공기랍치·폭발물테러·방사성물질방류 등의 범죄도 우리 법으로 처벌할 수 있도록 함(안 제244조,제246조 및 제271조 등)다. 헌법규범인 평등권의 실질적 보장을 위하여 존속범죄와 공무원 범죄의 가중처벌조항을 조정함(안 제114조,제120조,제125조,제137조,제142조의 각 제2항 및 현행법 제135조)라. 국가우월적 경향과 전시 형법적 색채를 탈피하기 위하여 공익건조물 방화·파괴죄 등을 일반방화·파괴죄로 처벌하고,전시군수·공수계약不리행죄나 전시폭발물제조·사용죄 등은 전시법령으로 처벌토록하고 형법에서는 이를 삭제함(현행법 제103조,제121조,제165조 및 제367조)2. 신형법 이론에 따른 범죄론의 재조정가. 최신의 범죄리론과 판례를 폭넓게 반영하고 범죄성립의 요소인 고의·과실·착오의 개념 등을 재정립함(안 제11조 내지 제13조)나. 미수범과 공범의 규정을 정비하기 위하여 중지미수와 不능미수의 처벌근거를 명시하는 한편, 정범개념을 신설하고 간접정범의 범위를 수정하며, 공범과 신분범의 처벌내용을 명확하게 규정함(안 제26조,제27조,제30조 및 제34조)다. 구성요건을 죄질에 따라 합리화하기 위하여 각종 치사상죄 등 결과적가중범을 치상죄와 치사죄로 세분하여 법정형에 차등을 두고,강도살인과 강도치사죄 등 결합범은 결과발생에 대한 고의 유무에 따라 법정형을 구분함(안 제204조등)라. 양형기준을 합리화하고 형벌의 남용을 방지하기 위하여 형의 양정은 범인의 책임을 기초로 한다는 책임주의를 선언하고,벌金액 산정에 있어서도 범인의 재산상태를 고려하도록 함(안 제44조제1항·제4항)3. 사회여건 변화에 따른 범죄화 또는 비범죄화 현상의 반영가. 범죄화 현상에 맞추어 다음의 신종범죄를 신설함.(1) 컴퓨터등 정보처리장치를 이용한 사기, 업무방해, 비밀침해, 전자기록의 위작·변작 및 동행사죄등 컴퓨터관련 범죄(안 제182조제2항,제193조제2항,제211조,제309조,제311조 및 제315조등)(2) 타인간 대화의 도청행위를 처벌하는 대화비밀침해죄(안 제183조)(3) 자동차不법사용죄, 자동판매기등 편의시설不정리용죄, 공중교통기관무단리용죄(안 제198조 및 제213조)(4) 가스·전기·방사선·방사성물질등 방출·유출·살포죄(안 제246조)(5) 환경에 관한 기본적 범죄인 고의 또는 과실·업무상 과실·중과실에 의한 환경오염, 동치사상, 동미수죄(안 제284조 내지 제287조)(6) 복사문서도 문서 위조·변조죄의 객체로 규정(안 제321조)(7) 강제집행된 不동산에 재침입하는 행위를 벌하는 不동산강제집행효용침해죄(안 제384조)나. 비범죄화 현상에 따라 낡은 범죄를 폐지함.(1) 영아유기죄, 해상강도죄, 병역·납세거부목적단체조직죄 등은 일반 유기죄, 강도죄, 범죄단체조직죄로 처벌하기 위하여 삭제(현행법 제114조,제272조 및 제340조)(2) 혼인빙자간음죄는 윤리·도덕의 문제로서 공권력에 의한 규제가 적당하지 못하여 삭제(현행법 제304조)(3) 상습범에 대한 일률적인 가중규정을 삭제하고 일정한 상습범은 보안처분으로 대처(현행범 제264조,제279조,제285조,제288조제3항,제289조제3항,제293조,제332조,제341조,제351조 및 제363조등)다. 범죄현상의 변화에 따라 일부 범죄의 내용을 수정함.(1) 인질죄와 약취·유인죄의 피해자를 석방한 경우에 임의적으로 감경하는 조항을 추가(안 제157조및 제165조)(2) 임신이 모체의 건강을 심히 해하거나 태아가 기형일 경우,강간에 의한 임신 또는 혼인할 수 없는혈족간의 임신등 불가피한 때에 한하여 일정한 기간내의 일부 낙태 허용(안 제135조)(3) 주거침입죄·손괴죄 등 비교적 경미한 범죄는 피해자의 의사를 존중하여 반의사不벌죄로 전환(안제181조 및 제229조 등)(4) 국민의 알 권리의 보호를 위하여 오로지 공익을 위한 피의사실 공표는 처벌하지 아니하도록 수정(안 제368조)(5) 진술강요목적 가혹행위는 일반가혹행위죄(5년 이하)보다 가중처벌(7년 이하)(안 제366조)(6) 독물투입사범에 효율적으로 대처하기 위하여 독물혼입죄의 대상을 식수에서 모든 음식물로 확대(안 제277조)(7) 간통죄의 법정형을 2년 이하 징역형에서 1년 이하 징역 또는 500만원 이하의 벌金으로 완화(안 제325조)4. 형사정책적 요청에 따른 형벌과 보안처분제도의 개선가. 사형적용신중선언규정을 신설하고 폭발물폭발치상죄 등 10개의 결과적가중범에서 사형을 삭제함(안 제44조제3항,현행법 제119조,제188조등)나. 재산형의 적극 활용을 도모하고 단기자유형의 폐해를 방지하기 위하여 문서위조죄, 공무집행방해죄 등18개 범죄에 징역형외에 벌金형을 선택형으로 규정함(안 제313조 및 제377조등)다. 집행유예제도의 합리적 운용을 위하여 벌金형에 대한 집행유예제도를 도입하고, 1년 이하의 형선고시정상을 고려하여 1회에 한하여 재집행유예를 가능하도록 하며, 집행유예 선고시 성인에 대하여도 보호관찰 외에 사회봉사명령·수강명령 등을 할 수 있도록 함(안 제62조제1항·제2항 및 제63조제1항)라. 상습범, 정신장애자 및 마약중독자 등에 대한 효율적인 교화·치료를 통한 사회방위기능을 제고하기위하여 사회보호법상의 보호감호·치료감호제도 등을 정비,형법에 도입함(안 제92조 내지 제109조)마. 형법제정 이후의 경제적 변화와 화폐가치의 변동을 감안, 현행 40만원 이하부터 300만원 이하인 벌金형을 200만원 이하부터 3천만원 이하까지로 인상하여 현실화함.5. 형사특별법의 형법에의 흡수통합가. 폭력행위등처벌에관한법률의 대부분 규정을 형법에 흡수하고, 동법을 폐지함(안 제121조,제126조,제140조,제143조,제160조,제178조,제216조 및 제231조등)나. 특정범죄가중처벌등에관한법률의 특수강간가중처벌조항과 도주차량가중처벌조항 등을 형법에 흡수함(안 제132조 및 제168조)다. 항공기운항안전법상의 항공기랍치·항공기운항방해, 납치치사상죄 등을 형법에 흡수하고,선박랍치관련죄를 신설함(안 제271조 내지 제273조)6. 형법편제와 용어의 개선·정비가. 자유민주주의 사회의 개인의 존엄과 가치를 더 한층 강조하기 위하여 형법편제를 종래의 총칙, 국가적법익, 사회적 법익, 개인적 법익순에서 총칙, 개인·사회·국가적 법익순으로 변경함.나. 어려운 한자용어를 국민이 알기 쉬운 현대적인 일상용어로 개선하기 위하여“소훼하여”를“불태워”로,“개전의 정이 현저한 때”를“뉘우침이 뚜렷한 때”로,“유서”를“용서”로,“문호”또는“장벽”을“문”또는“담”등으로 변경함(안 제197조제1항,제251조 내지 제253조,제256조,제267조 및 제325조제2항 등)7. 기타신형법의 시행준비와 관련특별법의 정비를 위하여 부칙에 1995년1월1일부터 시행할 것임을 명시함.",법제사법위원회,[],,0,
